"onDemoPath","page","route","controlType","label","classification","handler","file","line"
"no","components/dashboard","(component)","StandardP2Select","(no label)","NO HANDLER","","Frontend\PlantProcess.Web\src\components\dashboard\DashboardWidgetCard.tsx","9"
"no","components/standard","(component)","anchor","(no label)","NO HANDLER","","Frontend\PlantProcess.Web\src\components\standard\StandardButton.tsx","136"
"no","components/standard","(component)","button","(no label)","NO HANDLER","","Frontend\PlantProcess.Web\src\components\standard\StandardPageCompat.tsx","23"
"no","components/standard","(component)","button",");","NO HANDLER","","Frontend\PlantProcess.Web\src\components\standard\StandardP2Controls.tsx","26"
"no","components/standard","(component)","input",");","NO HANDLER","","Frontend\PlantProcess.Web\src\components\standard\StandardP2Controls.tsx","41"
"no","components/standard","(component)","input","),","NO HANDLER","","Frontend\PlantProcess.Web\src\components\standard\StandardPageCompat.tsx","41"
"no","components/standard","(component)","select","(no label)","NO HANDLER","","Frontend\PlantProcess.Web\src\components\standard\StandardPageCompat.tsx","53"
"no","components/standard","(component)","select",");","NO HANDLER","","Frontend\PlantProcess.Web\src\components\standard\StandardP2Controls.tsx","53"
"no","components/standard","(component)","textarea",");","NO HANDLER","","Frontend\PlantProcess.Web\src\components\standard\StandardP2Controls.tsx","65"
"no","components/standard","(component)","textarea","),","NO HANDLER","","Frontend\PlantProcess.Web\src\components\standard\StandardPageCompat.tsx","67"
"no","pages/MaterialAnalytics","(component)","StandardButton","Export PDF","NO HANDLER","","Frontend\PlantProcess.Web\src\pages\MaterialAnalytics\MaterialAnalyticsPages.tsx","490"
"no","pages/MaterialAnalytics","(component)","StandardButton","Run","NO HANDLER","","Frontend\PlantProcess.Web\src\pages\MaterialAnalytics\MaterialAnalyticsPages.tsx","839"
"no","pages/MaterialAnalytics","(component)","StandardButton","Download report","NO HANDLER","","Frontend\PlantProcess.Web\src\pages\MaterialAnalytics\MaterialAnalyticsPages.tsx","847"
"no","pages/MaterialAnalytics","(component)","StandardButton","Run","NO HANDLER","","Frontend\PlantProcess.Web\src\pages\MaterialAnalytics\MaterialAnalyticsPages.tsx","901"
"no","pages/MaterialAnalytics","(component)","StandardButton","Preview SQL","NO HANDLER","","Frontend\PlantProcess.Web\src\pages\MaterialAnalytics\MaterialAnalyticsPages.tsx","927"
"no","pages/MaterialAnalytics","(component)","StandardButton","Save view","NO HANDLER","","Frontend\PlantProcess.Web\src\pages\MaterialAnalytics\MaterialAnalyticsPages.tsx","928"
"no","pages/MaterialAnalytics","(component)","StandardButton","Save KPI","NO HANDLER","","Frontend\PlantProcess.Web\src\pages\MaterialAnalytics\MaterialAnalyticsPages.tsx","940"
"no","pages/MaterialAnalytics","(component)","StandardButton","Engineer brief","NO HANDLER","","Frontend\PlantProcess.Web\src\pages\MaterialAnalytics\MaterialAnalyticsPages.tsx","973"
"no","standard-components.implementation","(component)","button","(no label)","NO HANDLER","","Frontend\PlantProcess.Web\src\ui\standard-components.implementation.tsx","57"
"no","standard-components.implementation","(component)","input",")}","NO HANDLER","","Frontend\PlantProcess.Web\src\ui\standard-components.implementation.tsx","344"
"no","standard-components.implementation","(component)","select","(no label)","NO HANDLER","","Frontend\PlantProcess.Web\src\ui\standard-components.implementation.tsx","378"
"no","standard-components.implementation","(component)","textarea",")}","NO HANDLER","","Frontend\PlantProcess.Web\src\ui\standard-components.implementation.tsx","411"
"no","ActiveFilterChips","(component)","StandardButton","Remove filter","UNMOUNTED","() => clearFilter(key)","Frontend\PlantProcess.Web\src\components\ActiveFilterChips.tsx","49"
"no","AnalysisJobConfigPage","(component)","input","e.g. Defect drivers last 30 days","UNMOUNTED","(e) => setName(e.target.value)","Frontend\PlantProcess.Web\src\pages\AnalysisJobConfigPage.tsx","326"
"no","AnalysisJobConfigPage","(component)","input","e.g. DEFECT_DRIVERS_30D","UNMOUNTED","(e) => setCode(e.target.value.toUpperCase())","Frontend\PlantProcess.Web\src\pages\AnalysisJobConfigPage.tsx","329"
"no","AnalysisJobConfigPage","(component)","input","(no label)","UNMOUNTED","(e) => setWindowDays(Number(e.target.value))","Frontend\PlantProcess.Web\src\pages\AnalysisJobConfigPage.tsx","357"
"no","AnalysisJobConfigPage","(component)","input","(no label)","UNMOUNTED","(e) => setDescription(e.target.value)","Frontend\PlantProcess.Web\src\pages\AnalysisJobConfigPage.tsx","385"
"no","AnalysisJobConfigPage","(component)","input","key (e.g. grade)","UNMOUNTED","(e) => { const next = filters.slice(); next[i] = { k: e.target.value, v: next[i].v","Frontend\PlantProcess.Web\src\pages\AnalysisJobConfigPage.tsx","395"
"no","AnalysisJobConfigPage","(component)","input","value (e.g. S355J2)","UNMOUNTED","(e) => { const next = filters.slice(); next[i] = { k: next[i].k, v: e.target.value","Frontend\PlantProcess.Web\src\pages\AnalysisJobConfigPage.tsx","404"
"no","AnalysisJobConfigPage","(component)","select","(no label)","UNMOUNTED","(e) => setDefectType(e.target.value)","Frontend\PlantProcess.Web\src\pages\AnalysisJobConfigPage.tsx","337"
"no","AnalysisJobConfigPage","(component)","select","(no label)","UNMOUNTED","(e) => setParameterCode(e.target.value)","Frontend\PlantProcess.Web\src\pages\AnalysisJobConfigPage.tsx","347"
"no","AnalysisJobConfigPage","(component)","select","(no label)","UNMOUNTED","(e) => setEngineOutcomeKey(e.target.value)","Frontend\PlantProcess.Web\src\pages\AnalysisJobConfigPage.tsx","367"
"no","AnalysisJobConfigPage","(component)","select","(no label)","UNMOUNTED","(e) => setEngineJobCode(e.target.value)","Frontend\PlantProcess.Web\src\pages\AnalysisJobConfigPage.tsx","376"
"no","BrandProofSection","(component)","anchor","Open diagram","UNMOUNTED","href:/brand/plantprocess-iq-architecture.svg","Frontend\PlantProcess.Web\src\components\BrandProofSection.tsx","44"
"no","BrandProofSection","(component)","anchor","Open brief","UNMOUNTED","href:/brand/plantprocess-iq-engineer-brief.html","Frontend\PlantProcess.Web\src\components\BrandProofSection.tsx","53"
"no","components/analytics","(component)","StandardButton","(no label)","UNMOUNTED","() => { setActive(n.id); onNodeClick?.(n);","Frontend\PlantProcess.Web\src\components\analytics\BidirectionalThread.tsx","53"
"no","components/analytics","(component)","StandardButton","View method inputs","UNMOUNTED","() => onOpenProvenance?.(evidence.provenance.handleId)","Frontend\PlantProcess.Web\src\components\analytics\EvidencePanel.tsx","57"
"no","components/brand","(component)","anchor","Engineer brief","UNMOUNTED","href:/brand/plantprocess-iq-engineer-brief.html","Frontend\PlantProcess.Web\src\components\brand\BrandProofPanel.tsx","53"
"no","components/brand","(component)","anchor","Architecture diagram","UNMOUNTED","href:/brand/plantprocess-iq-architecture.svg","Frontend\PlantProcess.Web\src\components\brand\BrandProofPanel.tsx","57"
"no","components/dashboard","(component)","StandardButton","(no label)","UNMOUNTED","() => setShowSql((s) => !s)","Frontend\PlantProcess.Web\src\components\dashboard\widget-builder\WidgetScriptBuilderPanel.tsx","79"
"no","components/dashboard","(component)","StandardButton","(no label)","UNMOUNTED","onValidate","Frontend\PlantProcess.Web\src\components\dashboard\widget-builder\WidgetScriptBuilderPanel.tsx","82"
"no","components/dashboard","(component)","StandardButton","(no label)","UNMOUNTED","onPreview","Frontend\PlantProcess.Web\src\components\dashboard\widget-builder\WidgetScriptBuilderPanel.tsx","85"
"no","components/dashboard","(component)","StandardButton","(no label)","UNMOUNTED","onPublishClick","Frontend\PlantProcess.Web\src\components\dashboard\widget-builder\WidgetScriptBuilderPanel.tsx","88"
"no","components/dashboard","(component)","StandardP2TextArea",") : (","UNMOUNTED","(e) => { setScript(e.target.value); setValidated(false); setPublished(false);","Frontend\PlantProcess.Web\src\components\dashboard\widget-builder\WidgetScriptBuilderPanel.tsx","96"
"no","components/exec","(component)","StandardButton","(no label)","UNMOUNTED","() => setOpenTerm(open ? null : term.key)","Frontend\PlantProcess.Web\src\components\exec\ValueRangePanel.tsx","58"
"no","components/ops","(component)","StandardButton","(no label)","UNMOUNTED","() => rerun(row.id)","Frontend\PlantProcess.Web\src\components\ops\JobsMonitorTable.tsx","55"
"no","components/standard","(component)","button","custom button","UNMOUNTED","","Frontend\PlantProcess.Web\src\components\standard\DoDont.stories.tsx","33"
"no","components/standard","(component)","input","Search material code...","UNMOUNTED","","Frontend\PlantProcess.Web\src\components\standard\DoDont.stories.tsx","35"
"no","components/standard","(component)","StandardButton","Primary","UNMOUNTED","","Frontend\PlantProcess.Web\src\components\standard\StandardButton.stories.tsx","20"
"no","components/standard","(component)","StandardButton","Secondary","UNMOUNTED","","Frontend\PlantProcess.Web\src\components\standard\StandardButton.stories.tsx","21"
"no","components/standard","(component)","StandardButton","Info","UNMOUNTED","() => toast.notify({ variant: ""info"", title: ""Info"", description: ""Investigation started.""","Frontend\PlantProcess.Web\src\components\standard\StandardSurface.stories.tsx","22"
"no","components/standard","(component)","StandardButton","Ghost","UNMOUNTED","","Frontend\PlantProcess.Web\src\components\standard\StandardButton.stories.tsx","22"
"no","components/standard","(component)","StandardButton","Success","UNMOUNTED","() => toast.notify({ variant: ""success"", title: ""Saved"", description: ""Configuration saved.""","Frontend\PlantProcess.Web\src\components\standard\StandardSurface.stories.tsx","23"
"no","components/standard","(component)","StandardButton","Danger","UNMOUNTED","","Frontend\PlantProcess.Web\src\components\standard\StandardButton.stories.tsx","23"
"no","components/standard","(component)","StandardButton","Warning","UNMOUNTED","() => toast.notify({ variant: ""warning"", title: ""Warning"", description: ""Some rows need review.""","Frontend\PlantProcess.Web\src\components\standard\StandardSurface.stories.tsx","24"
"no","components/standard","(component)","StandardButton","Success","UNMOUNTED","","Frontend\PlantProcess.Web\src\components\standard\StandardButton.stories.tsx","24"
"no","components/standard","(component)","StandardButton","Run investigation","UNMOUNTED","","Frontend\PlantProcess.Web\src\components\standard\DoDont.stories.tsx","25"
"no","components/standard","(component)","StandardButton","Error","UNMOUNTED","() => toast.notify({ variant: ""error"", title: ""Error"", description: ""Refresh failed.""","Frontend\PlantProcess.Web\src\components\standard\StandardSurface.stories.tsx","25"
"no","components/standard","(component)","StandardButton","Loading","UNMOUNTED","() => toast.notify({ variant: ""loading"", title: ""Loading"", description: ""Operation in progress.""","Frontend\PlantProcess.Web\src\components\standard\StandardSurface.stories.tsx","26"
"no","components/standard","(component)","StandardButton","Small","UNMOUNTED","","Frontend\PlantProcess.Web\src\components\standard\StandardButton.stories.tsx","32"
"no","components/standard","(component)","StandardButton","Medium","UNMOUNTED","","Frontend\PlantProcess.Web\src\components\standard\StandardButton.stories.tsx","33"
"no","components/standard","(component)","StandardButton","Large","UNMOUNTED","","Frontend\PlantProcess.Web\src\components\standard\StandardButton.stories.tsx","34"
"no","components/standard","(component)","StandardButton","Default","UNMOUNTED","","Frontend\PlantProcess.Web\src\components\standard\StandardButton.stories.tsx","42"
"no","components/standard","(component)","StandardButton","Loading","UNMOUNTED","","Frontend\PlantProcess.Web\src\components\standard\StandardButton.stories.tsx","43"
"no","components/standard","(component)","StandardButton","Disabled","UNMOUNTED","","Frontend\PlantProcess.Web\src\components\standard\StandardButton.stories.tsx","44"
"no","components/standard","(component)","StandardButton","With icon","UNMOUNTED","","Frontend\PlantProcess.Web\src\components\standard\StandardButton.stories.tsx","45"
"no","components/standard","(component)","StandardButton","Export","UNMOUNTED","","Frontend\PlantProcess.Web\src\components\standard\StandardButton.stories.tsx","46"
"no","components/standard","(component)","StandardButton","Open modal","UNMOUNTED","() => setOpen(true)","Frontend\PlantProcess.Web\src\components\standard\StandardSurface.stories.tsx","51"
"no","components/standard","(component)","StandardButton","Open dirty modal","UNMOUNTED","() => setDirtyOpen(true)","Frontend\PlantProcess.Web\src\components\standard\StandardSurface.stories.tsx","52"
"no","components/standard","(component)","StandardButton","Refresh","UNMOUNTED","","Frontend\PlantProcess.Web\src\components\standard\StandardButton.stories.tsx","54"
"no","components/standard","(component)","StandardButton","Confirm","UNMOUNTED","() => setOpen(false)","Frontend\PlantProcess.Web\src\components\standard\StandardSurface.stories.tsx","55"
"no","components/standard","(component)","StandardButton","Delete","UNMOUNTED","","Frontend\PlantProcess.Web\src\components\standard\StandardButton.stories.tsx","55"
"no","components/standard","(component)","StandardButton","Save","UNMOUNTED","() => setDirtyOpen(false)","Frontend\PlantProcess.Web\src\components\standard\StandardSurface.stories.tsx","59"
"no","components/standard","(component)","StandardButton","Real anchor navigation","UNMOUNTED","","Frontend\PlantProcess.Web\src\components\standard\StandardButton.stories.tsx","62"
"no","components/standard","(component)","StandardButton","Connect source","UNMOUNTED","","Frontend\PlantProcess.Web\src\components\standard\StandardTable.stories.tsx","74"
"no","components/suggestions","(component)","StandardButton","Evidence","UNMOUNTED","() => setDrawer(c)","Frontend\PlantProcess.Web\src\components\suggestions\SuggestionCardsPanel.tsx","75"
"no","components/suggestions","(component)","StandardButton","Acknowledge","UNMOUNTED","() => onAct?.(c.id, ""assign"")","Frontend\PlantProcess.Web\src\components\suggestions\SuggestionCardsPanel.tsx","76"
"no","components/suggestions","(component)","StandardButton","Accept","UNMOUNTED","() => isManager && onAct?.(c.id, ""accept"")","Frontend\PlantProcess.Web\src\components\suggestions\SuggestionCardsPanel.tsx","77"
"no","components/suggestions","(component)","StandardButton","Reject","UNMOUNTED","() => isManager && onAct?.(c.id, ""reject"")","Frontend\PlantProcess.Web\src\components\suggestions\SuggestionCardsPanel.tsx","86"
"no","components/suggestions","(component)","StandardButton","Close","UNMOUNTED","() => setDrawer(null)","Frontend\PlantProcess.Web\src\components\suggestions\SuggestionCardsPanel.tsx","96"
"no","components/suggestions","(component)","StandardButton","Open","UNMOUNTED","() => onOpenEvidence?.(h)","Frontend\PlantProcess.Web\src\components\suggestions\SuggestionCardsPanel.tsx","103"
"no","components/value","(component)","StandardButton","(no label)","UNMOUNTED","() => setOpen(open === t.name ? null : t.name)","Frontend\PlantProcess.Web\src\components\value\ValueImpactCard.tsx","69"
"no","components/value","(component)","StandardButton","source finding (","UNMOUNTED","() => onOpenEvidence?.(t.handle as ProvenanceHandleRef)","Frontend\PlantProcess.Web\src\components\value\ValueImpactCard.tsx","86"
"no","I18nRtlReadinessPage","(component)","StandardButton","(no label)","UNMOUNTED","() => setLocale(""en"")","Frontend\PlantProcess.Web\src\pages\I18nRtlReadinessPage.tsx","27"
"no","I18nRtlReadinessPage","(component)","StandardButton","(no label)","UNMOUNTED","() => setLocale(""ar"")","Frontend\PlantProcess.Web\src\pages\I18nRtlReadinessPage.tsx","28"
"no","pages/Acquisition","(component)","StandardButton","Rotate credential","UNMOUNTED","","Frontend\PlantProcess.Web\src\pages\Acquisition\EdgeCollectorManagementPage.tsx","89"
"no","pages/Advisory","(component)","StandardButton","Run honesty certification","UNMOUNTED","() => void runCertification()","Frontend\PlantProcess.Web\src\pages\Advisory\HonestyCertificationPage.tsx","72"
"no","pages/Advisory","(component)","StandardButton","Calculate realized value","UNMOUNTED","calculate","Frontend\PlantProcess.Web\src\pages\Advisory\ValueRealizationPage.tsx","100"
"no","pages/Advisory","(component)","StandardButton","Load sample request","UNMOUNTED","() => void refresh()","Frontend\PlantProcess.Web\src\pages\Advisory\ValueRealizationPage.tsx","101"
"no","pages/Advisory","(component)","StandardButton","Refresh benchmark","UNMOUNTED","() => void refresh()","Frontend\PlantProcess.Web\src\pages\Advisory\BenchmarkingPage.tsx","101"
"no","pages/Advisory","(component)","StandardButton","Preview suppression behaviour","UNMOUNTED","() => void loadSuppressedDemo()","Frontend\PlantProcess.Web\src\pages\Advisory\BenchmarkingPage.tsx","102"
"no","pages/Advisory","(component)","StandardButton","Export CFO evidence pack","UNMOUNTED","() => void exportEvidencePack()","Frontend\PlantProcess.Web\src\pages\Advisory\RoiCfoDashboardPage.tsx","108"
"no","pages/Advisory","(component)","StandardButton","Generate recommendation","UNMOUNTED","generate","Frontend\PlantProcess.Web\src\pages\Advisory\RecommendationsPage.tsx","141"
"no","pages/Advisory","(component)","StandardButton","Load sample request","UNMOUNTED","() => void refresh()","Frontend\PlantProcess.Web\src\pages\Advisory\RecommendationsPage.tsx","142"
"no","pages/Advisory","(component)","StandardButton","Run what-if simulation","UNMOUNTED","simulate","Frontend\PlantProcess.Web\src\pages\Advisory\ScenarioSimulationPage.tsx","158"
"no","pages/Advisory","(component)","StandardButton","Test an out-of-envelope value","UNMOUNTED","makeOutOfEnvelope","Frontend\PlantProcess.Web\src\pages\Advisory\ScenarioSimulationPage.tsx","159"
"no","pages/Advisory","(component)","StandardButton","Reload sample","UNMOUNTED","() => void refresh()","Frontend\PlantProcess.Web\src\pages\Advisory\ScenarioSimulationPage.tsx","160"
"no","pages/Advisory","(component)","StandardButton","Approve for review","UNMOUNTED","() => void decide(recommendation, 1)","Frontend\PlantProcess.Web\src\pages\Advisory\RecommendationsPage.tsx","177"
"no","pages/Advisory","(component)","StandardButton","Dismiss","UNMOUNTED","() => void decide(recommendation, 2)","Frontend\PlantProcess.Web\src\pages\Advisory\RecommendationsPage.tsx","178"
"no","pages/Advisory","(component)","StandardP2Input","(no label)","UNMOUNTED","(event) => updateActualValue(event.target.value)","Frontend\PlantProcess.Web\src\pages\Advisory\ValueRealizationPage.tsx","98"
"no","pages/Advisory","(component)","StandardP2Input","(no label)","UNMOUNTED","(event) => setRequest({ ...request, scenarioName: event.target.value","Frontend\PlantProcess.Web\src\pages\Advisory\ScenarioSimulationPage.tsx","146"
"no","pages/Advisory","(component)","StandardP2Input","(no label)","UNMOUNTED","(event) => setRequest({ ...request, seed: Number(event.target.value)","Frontend\PlantProcess.Web\src\pages\Advisory\ScenarioSimulationPage.tsx","147"
"no","pages/Advisory","(component)","StandardP2Input","(no label)","UNMOUNTED","(event) => updateProposedValue(index, event.target.value)","Frontend\PlantProcess.Web\src\pages\Advisory\ScenarioSimulationPage.tsx","153"
"no","pages/Analysis","(component)","StandardP2Button","(no label)","UNMOUNTED","run","Frontend\PlantProcess.Web\src\pages\Analysis\AnalysisToolboxPage.tsx","154"
"no","pages/Analytics","(component)","StandardButton","Run now","UNMOUNTED","() => void save(true)","Frontend\PlantProcess.Web\src\pages\Analytics\InspectionJobsPage.tsx","61"
"no","pages/Analytics","(component)","StandardButton","Save &amp; schedule","UNMOUNTED","() => void save(false)","Frontend\PlantProcess.Web\src\pages\Analytics\InspectionJobsPage.tsx","62"
"no","pages/Analytics","(component)","StandardButton","Run","UNMOUNTED","() => void inspectionWorkflowApi.runJobNow(j.id).then(() => setReloadKey((k) => k + 1))","Frontend\PlantProcess.Web\src\pages\Analytics\InspectionJobsPage.tsx","77"
"no","pages/Analytics","(component)","StandardButton","(no label)","UNMOUNTED","() => void (j.isEnabled ? inspectionWorkflowApi.disableJob(j.id) : inspectionWorkflowApi.enableJob(j.id)).then(() => setReloadKey((k) => k + 1))","Frontend\PlantProcess.Web\src\pages\Analytics\InspectionJobsPage.tsx","78"
"no","pages/Analytics","(component)","StandardButton","Open analysis","UNMOUNTED","() => navigate(`/investigate/advanced?outcomeKey=${encodeURIComponent(`defect.${j.defectType ?? ""edge_crack""","Frontend\PlantProcess.Web\src\pages\Analytics\InspectionJobsPage.tsx","79"
"no","pages/Analytics","(component)","StandardP2Input","(no label)","UNMOUNTED","(e) => setName(e.target.value)","Frontend\PlantProcess.Web\src\pages\Analytics\InspectionJobsPage.tsx","54"
"no","pages/Analytics","(component)","StandardP2Input","(no label)","UNMOUNTED","(e) => setDefectType(e.target.value)","Frontend\PlantProcess.Web\src\pages\Analytics\InspectionJobsPage.tsx","55"
"no","pages/Analytics","(component)","StandardP2Input","e.g. casting_speed","UNMOUNTED","(e) => setParameterCode(e.target.value)","Frontend\PlantProcess.Web\src\pages\Analytics\InspectionJobsPage.tsx","56"
"no","pages/Analytics","(component)","StandardP2Input","(no label)","UNMOUNTED","(e) => setWindowDays(Number(e.target.value))","Frontend\PlantProcess.Web\src\pages\Analytics\InspectionJobsPage.tsx","57"
"no","pages/Analytics","(component)","StandardP2Input","(no label)","UNMOUNTED","(e) => setSchedule(e.target.value)","Frontend\PlantProcess.Web\src\pages\Analytics\InspectionJobsPage.tsx","58"
"no","pages/Dashboard","(component)","StandardButton","Create heatmap widget from builder contract","UNMOUNTED","() => setCreated(true)","Frontend\PlantProcess.Web\src\pages\Dashboard\P3T15WidgetSchemaDriftPage.tsx","69"
"no","pages/Dashboard","(component)","StandardButton","Reset widget preview","UNMOUNTED","() => setCreated(false)","Frontend\PlantProcess.Web\src\pages\Dashboard\P3T15WidgetSchemaDriftPage.tsx","72"
"no","pages/Dashboard","(component)","StandardP2Input","Caster, Mill, Mon...","UNMOUNTED","(event) => setSearch(event.target.value)","Frontend\PlantProcess.Web\src\pages\Dashboard\P3T15WidgetSchemaDriftPage.tsx","116"
"no","pages/Dashboard","(component)","StandardP2Input","(no label)","UNMOUNTED","(event) => setMinValue(Number(event.target.value))","Frontend\PlantProcess.Web\src\pages\Dashboard\P3T15WidgetSchemaDriftPage.tsx","126"
"no","pages/Dashboard","(component)","StandardP2Select","(no label)","UNMOUNTED","(event) => setSortBy(event.target.value as HeatmapFilterSortState[""sortBy""])","Frontend\PlantProcess.Web\src\pages\Dashboard\P3T15WidgetSchemaDriftPage.tsx","139"
"no","pages/Dashboard","(component)","StandardP2Select","(no label)","UNMOUNTED","(event) => setDirection(event.target.value as HeatmapFilterSortState[""direction""])","Frontend\PlantProcess.Web\src\pages\Dashboard\P3T15WidgetSchemaDriftPage.tsx","152"
"no","pages/EdgeCollector","(component)","StandardButton","Register collector","UNMOUNTED","registerCollector","Frontend\PlantProcess.Web\src\pages\EdgeCollector\EdgeCollectorPage.tsx","206"
"no","pages/EdgeCollector","(component)","StandardButton","Send heartbeat","UNMOUNTED","sendHeartbeat","Frontend\PlantProcess.Web\src\pages\EdgeCollector\EdgeCollectorPage.tsx","207"
"no","pages/EdgeCollector","(component)","StandardButton","Update queue status","UNMOUNTED","sendQueueStatus","Frontend\PlantProcess.Web\src\pages\EdgeCollector\EdgeCollectorPage.tsx","208"
"no","pages/EdgeCollector","(component)","StandardButton","Push sample batch","UNMOUNTED","pushSampleBatch","Frontend\PlantProcess.Web\src\pages\EdgeCollector\EdgeCollectorPage.tsx","209"
"no","pages/EdgeCollector","(component)","StandardButton","Refresh status","UNMOUNTED","() => void refresh()","Frontend\PlantProcess.Web\src\pages\EdgeCollector\EdgeCollectorPage.tsx","210"
"no","pages/EdgeCollector","(component)","StandardP2Input","(no label)","UNMOUNTED","(event) => setCollectorId(event.target.value)","Frontend\PlantProcess.Web\src\pages\EdgeCollector\EdgeCollectorPage.tsx","200"
"no","pages/EdgeCollector","(component)","StandardP2Input","(no label)","UNMOUNTED","(event) => setDisplayName(event.target.value)","Frontend\PlantProcess.Web\src\pages\EdgeCollector\EdgeCollectorPage.tsx","201"
"no","pages/EdgeCollector","(component)","StandardP2Input","(no label)","UNMOUNTED","(event) => setSiteName(event.target.value)","Frontend\PlantProcess.Web\src\pages\EdgeCollector\EdgeCollectorPage.tsx","202"
"no","pages/EdgeCollector","(component)","StandardP2Input","(no label)","UNMOUNTED","(event) => setNetworkZone(event.target.value)","Frontend\PlantProcess.Web\src\pages\EdgeCollector\EdgeCollectorPage.tsx","203"
"no","pages/HistorianConnector","(component)","StandardButton","Test connection","UNMOUNTED","testConnection","Frontend\PlantProcess.Web\src\pages\HistorianConnector\HistorianConnectorPage.tsx","206"
"no","pages/HistorianConnector","(component)","StandardButton","Browse tags","UNMOUNTED","browseTags","Frontend\PlantProcess.Web\src\pages\HistorianConnector\HistorianConnectorPage.tsx","207"
"no","pages/HistorianConnector","(component)","StandardButton","Read sample window","UNMOUNTED","readWindow","Frontend\PlantProcess.Web\src\pages\HistorianConnector\HistorianConnectorPage.tsx","208"
"no","pages/HistorianConnector","(component)","StandardButton","Create mapping hints","UNMOUNTED","createMappingHints","Frontend\PlantProcess.Web\src\pages\HistorianConnector\HistorianConnectorPage.tsx","209"
"no","pages/HistorianConnector","(component)","StandardP2Input","(no label)","UNMOUNTED","(event) => setEndpointUrl(event.target.value)","Frontend\PlantProcess.Web\src\pages\HistorianConnector\HistorianConnectorPage.tsx","194"
"no","pages/HistorianConnector","(component)","StandardP2Input","(no label)","UNMOUNTED","(event) => setNamespaceUri(event.target.value)","Frontend\PlantProcess.Web\src\pages\HistorianConnector\HistorianConnectorPage.tsx","198"
"no","pages/HistorianConnector","(component)","StandardP2Input","(no label)","UNMOUNTED","(event) => setPathPrefix(event.target.value)","Frontend\PlantProcess.Web\src\pages\HistorianConnector\HistorianConnectorPage.tsx","202"
"no","pages/HistorianConnector","(component)","StandardP2Input","(no label)","UNMOUNTED","() => setSelectedTags((current) => toggle(current, tag.tagPath))","Frontend\PlantProcess.Web\src\pages\HistorianConnector\HistorianConnectorPage.tsx","224"
"no","pages/MaterialInvestigation","(component)","form","(no label)","UNMOUNTED","resolveSql","Frontend\PlantProcess.Web\src\pages\MaterialInvestigation\MaterialInvestigationPage.tsx","356"
"no","pages/MaterialInvestigation","(component)","form","(no label)","UNMOUNTED","investigateMaterial","Frontend\PlantProcess.Web\src\pages\MaterialInvestigation\MaterialInvestigationPage.tsx","413"
"no","pages/MaterialInvestigation","(component)","StandardButton","(no label)","UNMOUNTED","refreshAll","Frontend\PlantProcess.Web\src\pages\MaterialInvestigation\MaterialInvestigationPage.tsx","264"
"no","pages/MaterialInvestigation","(component)","StandardButton","(no label)","UNMOUNTED","() => setActiveTab(tab.key)","Frontend\PlantProcess.Web\src\pages\MaterialInvestigation\MaterialInvestigationPage.tsx","281"
"no","pages/MaterialInvestigation","(component)","StandardButton","(no label)","UNMOUNTED","loadBusinessKeys","Frontend\PlantProcess.Web\src\pages\MaterialInvestigation\MaterialInvestigationPage.tsx","322"
"no","pages/MaterialInvestigation","(component)","StandardButton","(no label)","UNMOUNTED","runMappingLifecycle","Frontend\PlantProcess.Web\src\pages\MaterialInvestigation\MaterialInvestigationPage.tsx","338"
"no","pages/MaterialInvestigation","(component)","StandardButton","(no label)","UNMOUNTED","","Frontend\PlantProcess.Web\src\pages\MaterialInvestigation\MaterialInvestigationPage.tsx","362"
"no","pages/MaterialInvestigation","(component)","StandardButton","(no label)","UNMOUNTED","loadGenealogy","Frontend\PlantProcess.Web\src\pages\MaterialInvestigation\MaterialInvestigationPage.tsx","379"
"no","pages/MaterialInvestigation","(component)","StandardButton","(no label)","UNMOUNTED","runMappingLifecycle","Frontend\PlantProcess.Web\src\pages\MaterialInvestigation\MaterialInvestigationPage.tsx","395"
"no","pages/MaterialInvestigation","(component)","StandardButton","(no label)","UNMOUNTED","","Frontend\PlantProcess.Web\src\pages\MaterialInvestigation\MaterialInvestigationPage.tsx","419"
"no","pages/MaterialInvestigation","(component)","StandardP2Input","Enter a material key","UNMOUNTED","(event) => setMaterialKey(event.target.value)","Frontend\PlantProcess.Web\src\pages\MaterialInvestigation\MaterialInvestigationPage.tsx","414"
"no","pages/MaterialInvestigation","(component)","StandardP2TextArea","(no label)","UNMOUNTED","(event) => setSqlText(event.target.value)","Frontend\PlantProcess.Web\src\pages\MaterialInvestigation\MaterialInvestigationPage.tsx","357"
"no","pages/PageBuilder","(component)","StandardButton","Save page definition","UNMOUNTED","savePageDefinition","Frontend\PlantProcess.Web\src\pages\PageBuilder\PageBuilderPage.implementation.tsx","191"
"no","pages/PageBuilder","(component)","StandardButton","Load by slug","UNMOUNTED","loadPageDefinition","Frontend\PlantProcess.Web\src\pages\PageBuilder\PageBuilderPage.implementation.tsx","195"
"no","pages/PageBuilder","(component)","StandardButton","Delete owned page","UNMOUNTED","deletePageDefinition","Frontend\PlantProcess.Web\src\pages\PageBuilder\PageBuilderPage.implementation.tsx","199"
"no","pages/PageBuilder","(component)","StandardButton","Add","UNMOUNTED","() => dispatch({ type: ""addWidget"", kind: item.kind, title: item.title,","Frontend\PlantProcess.Web\src\pages\PageBuilder\PageBuilderPage.implementation.tsx","260"
"no","pages/PageBuilder","(component)","StandardButton","Move right","UNMOUNTED","() => dispatch({ type: ""moveWidget"", id: widget.id, x: widget.x + 1,","Frontend\PlantProcess.Web\src\pages\PageBuilder\PageBuilderPage.implementation.tsx","304"
"no","pages/PageBuilder","(component)","StandardButton","Resize wider","UNMOUNTED","() => dispatch({ type: ""resizeWidget"", id: widget.id, w: widget.w + 1,","Frontend\PlantProcess.Web\src\pages\PageBuilder\PageBuilderPage.implementation.tsx","318"
"no","pages/PageBuilder","(component)","StandardButton","Remove","UNMOUNTED","() => dispatch({ type: ""removeWidget"", id: widget.id,","Frontend\PlantProcess.Web\src\pages\PageBuilder\PageBuilderPage.implementation.tsx","332"
"no","pages/Phase7ValueScenario","(component)","StandardButton","(no label)","UNMOUNTED","runScenario","Frontend\PlantProcess.Web\src\pages\Phase7ValueScenario\Phase7ValueScenarioPage.tsx","136"
"no","pages/Phase7ValueScenario","(component)","StandardButton","Record tracked value","UNMOUNTED","recordTrackedValue","Frontend\PlantProcess.Web\src\pages\Phase7ValueScenario\Phase7ValueScenarioPage.tsx","139"
"no","pages/Phase8","(component)","StandardButton","(no label)","UNMOUNTED","() => void generate()","Frontend\PlantProcess.Web\src\pages\Phase8\SuggestionRecommendationPage.tsx","124"
"no","pages/Phase8","(component)","StandardButton","Approve for review","UNMOUNTED","() => void decide(item, ""approve"")","Frontend\PlantProcess.Web\src\pages\Phase8\SuggestionRecommendationPage.tsx","165"
"no","pages/Phase8","(component)","StandardButton","Dismiss","UNMOUNTED","() => void decide(item, ""dismiss"")","Frontend\PlantProcess.Web\src\pages\Phase8\SuggestionRecommendationPage.tsx","166"
"no","pages/Phase8","(component)","StandardButton","Save configuration","UNMOUNTED","() => void save()","Frontend\PlantProcess.Web\src\pages\Phase8\AssistantConfigurationPage.tsx","175"
"no","pages/Phase8","(component)","StandardButton","Reset safe defaults","UNMOUNTED","() => void reset()","Frontend\PlantProcess.Web\src\pages\Phase8\AssistantConfigurationPage.tsx","176"
"no","pages/Phase8","(component)","StandardP2Input","(no label)","UNMOUNTED","(event) => setRequest({ ...request, outcomeKey: event.target.value","Frontend\PlantProcess.Web\src\pages\Phase8\SuggestionRecommendationPage.tsx","110"
"no","pages/Phase8","(component)","StandardP2Input","(no label)","UNMOUNTED","(event) => setRequest({ ...request, materialScope: event.target.value","Frontend\PlantProcess.Web\src\pages\Phase8\SuggestionRecommendationPage.tsx","114"
"no","pages/Phase8","(component)","StandardP2Input","(no label)","UNMOUNTED","(event) => setRequest({ ...request, minimumConfidence: Number(event.target.value)","Frontend\PlantProcess.Web\src\pages\Phase8\SuggestionRecommendationPage.tsx","118"
"no","pages/Phase8","(component)","StandardP2Input","Include projected euro value range","UNMOUNTED","(event) => setRequest({ ...request, includeValueProjection: event.target.checked","Frontend\PlantProcess.Web\src\pages\Phase8\SuggestionRecommendationPage.tsx","121"
"no","pages/Phase8","(component)","StandardP2Input","(no label)","UNMOUNTED","(event) => setConfig({ ...config, maxCitations: Number(event.target.value)","Frontend\PlantProcess.Web\src\pages\Phase8\AssistantConfigurationPage.tsx","135"
"no","pages/Phase8","(component)","StandardP2Input","No egress","UNMOUNTED","(event) => setConfig({ ...config, noEgress: event.target.checked","Frontend\PlantProcess.Web\src\pages\Phase8\AssistantConfigurationPage.tsx","143"
"no","pages/Phase8","(component)","StandardP2Input","Require human approval for recommendations","UNMOUNTED","(event) => setConfig({ ...config, requireHumanApprovalForRecommendations: event.target.checked","Frontend\PlantProcess.Web\src\pages\Phase8\AssistantConfigurationPage.tsx","148"
"no","pages/Phase8","(component)","StandardP2Input","Enable suggestion workflow","UNMOUNTED","(event) => setConfig({ ...config, enableSuggestionWorkflow: event.target.checked","Frontend\PlantProcess.Web\src\pages\Phase8\AssistantConfigurationPage.tsx","153"
"no","pages/Phase8","(component)","StandardP2Input","(no label)","UNMOUNTED","() => toggleTool(tool)","Frontend\PlantProcess.Web\src\pages\Phase8\AssistantConfigurationPage.tsx","161"
"no","pages/Phase8","(component)","StandardP2Select","(no label)","UNMOUNTED","(event) => setConfig({ ...config, mode: event.target.value","Frontend\PlantProcess.Web\src\pages\Phase8\AssistantConfigurationPage.tsx","108"
"no","pages/Phase8","(component)","StandardP2Select","(no label)","UNMOUNTED","(event) => setConfig({ ...config, groundingPolicy: event.target.value","Frontend\PlantProcess.Web\src\pages\Phase8\AssistantConfigurationPage.tsx","117"
"no","pages/Phase8","(component)","StandardP2Select","(no label)","UNMOUNTED","(event) => setConfig({ ...config, evidencePolicy: event.target.value","Frontend\PlantProcess.Web\src\pages\Phase8\AssistantConfigurationPage.tsx","126"
"no","pages/PlatformOps","(component)","StandardButton","Refresh Truth","UNMOUNTED","truth.reload","Frontend\PlantProcess.Web\src\pages\PlatformOps\DemoAnalyticsPages.implementation.tsx","146"
"no","pages/PlatformOps","(component)","StandardButton","Open","UNMOUNTED","() => navigate(row.targetRoute)","Frontend\PlantProcess.Web\src\pages\PlatformOps\DemoAnalyticsPages.implementation.tsx","189"
"no","pages/PlatformOps","(component)","StandardButton","Refresh","UNMOUNTED","suggestions.reload","Frontend\PlantProcess.Web\src\pages\PlatformOps\DemoAnalyticsPages.implementation.tsx","204"
"no","pages/PlatformOps","(component)","StandardButton","Refresh Page","UNMOUNTED","page.reload","Frontend\PlantProcess.Web\src\pages\PlatformOps\DemoAnalyticsPages.implementation.tsx","235"
"no","pages/PlatformOps","(component)","StandardButton","Validate Expression","UNMOUNTED","","Frontend\PlantProcess.Web\src\pages\PlatformOps\DemoAnalyticsPages.implementation.tsx","265"
"no","pages/Prep","(component)","StandardP2Button","(no label)","UNMOUNTED","() => addDataset(d)","Frontend\PlantProcess.Web\src\pages\Prep\VisualJoinCanvasPage.tsx","88"
"no","pages/Prep","(component)","StandardP2Button","Preview (dry-run)","UNMOUNTED","doPreview","Frontend\PlantProcess.Web\src\pages\Prep\VisualJoinCanvasPage.tsx","106"
"no","pages/Prep","(component)","StandardP2Button","Publish version","UNMOUNTED","doPublish","Frontend\PlantProcess.Web\src\pages\Prep\VisualJoinCanvasPage.tsx","107"
"no","pages/Prep","(component)","StandardP2Input","Definition name","UNMOUNTED","(e) => setName(e.target.value)","Frontend\PlantProcess.Web\src\pages\Prep\VisualJoinCanvasPage.tsx","103"
"no","pages/ValueEvidence","(component)","StandardButton","(no label)","UNMOUNTED","save.save","Frontend\PlantProcess.Web\src\pages\ValueEvidence\CostAssumptionManagementPage.tsx","211"
"no","pages/ValueEvidence","(component)","StandardP2Input","(no label)","UNMOUNTED","(event) => onChange({ ...value, [key]: Number(event.target.value)","Frontend\PlantProcess.Web\src\pages\ValueEvidence\CostAssumptionManagementPage.tsx","66"
"no","pages/ValueEvidence","(component)","StandardP2Input","(no label)","UNMOUNTED","(event) => setForm({ ...form, currency: event.target.value","Frontend\PlantProcess.Web\src\pages\ValueEvidence\CostAssumptionManagementPage.tsx","174"
"no","pages/ValueEvidence","(component)","StandardP2Select","(no label)","UNMOUNTED","(event) => setLocaleCode(event.target.value as V5LocaleCode)","Frontend\PlantProcess.Web\src\pages\ValueEvidence\CostAssumptionManagementPage.tsx","159"
"no","pages/ValueExecutive","(component)","StandardButton","(no label)","UNMOUNTED","runDashboard","Frontend\PlantProcess.Web\src\pages\ValueExecutive\ValueExecutiveDashboardPage.tsx","88"
"no","pages/ValueExecutive","(component)","StandardButton","Prove ABSTAIN on missing assumptions","UNMOUNTED","runAbstain","Frontend\PlantProcess.Web\src\pages\ValueExecutive\ValueExecutiveDashboardPage.tsx","91"
"no","pages/ValueExecutive","(component)","StandardButton","Open monthly value report PDF","UNMOUNTED","printReport","Frontend\PlantProcess.Web\src\pages\ValueExecutive\ValueExecutiveDashboardPage.tsx","94"
"no","pages/ValueExecutive","(component)","StandardP2Input","(no label)","UNMOUNTED","(event) => setMonthlyLicenseCost(Number(event.target.value))","Frontend\PlantProcess.Web\src\pages\ValueExecutive\ValueExecutiveDashboardPage.tsx","145"
"no","SourceImportPrepPage","(component)","StandardP2Input","),","UNMOUNTED","() => toggle(selectedColumns, c.columnName, setSelectedColumns)","Frontend\PlantProcess.Web\src\pages\SourceImportPrepPage.tsx","223"
"no","SourceImportPrepPage","(component)","StandardP2Input","),","UNMOUNTED","() => toggle(primaryKeys, c.columnName, setPrimaryKeys)","Frontend\PlantProcess.Web\src\pages\SourceImportPrepPage.tsx","247"
"no","SourceImportPrepPage","(component)","StandardP2Input","),","UNMOUNTED","() => setWatermark(c.columnName)","Frontend\PlantProcess.Web\src\pages\SourceImportPrepPage.tsx","259"
"no","SourceImportPrepPage","(component)","StandardP2Input","Optional row filter","UNMOUNTED","(e) => setRowFilter(e.target.value)","Frontend\PlantProcess.Web\src\pages\SourceImportPrepPage.tsx","275"
"no","SourceImportPrepPage","(component)","StandardP2Select","Connected source","UNMOUNTED","(e) => { setProfileId(e.target.value); if (e.target.value) loadTables(e.target.value);","Frontend\PlantProcess.Web\src\pages\SourceImportPrepPage.tsx","154"
"no","standard-components.stories","(component)","StandardButton","Show standard toast","UNMOUNTED","() => toast.notify({ intent: ""success"", title: ""Configuration saved"", description: ""The manufacturing intelligence set","Frontend\PlantProcess.Web\src\ui\standard-components.stories.tsx","54"
"no","standard-components.stories","(component)","StandardButton","Primary","UNMOUNTED","","Frontend\PlantProcess.Web\src\ui\standard-components.stories.tsx","122"
"no","standard-components.stories","(component)","StandardButton","Secondary","UNMOUNTED","","Frontend\PlantProcess.Web\src\ui\standard-components.stories.tsx","123"
"no","standard-components.stories","(component)","StandardButton","Ghost","UNMOUNTED","","Frontend\PlantProcess.Web\src\ui\standard-components.stories.tsx","124"
"no","standard-components.stories","(component)","StandardButton","Danger","UNMOUNTED","","Frontend\PlantProcess.Web\src\ui\standard-components.stories.tsx","125"
"no","standard-components.stories","(component)","StandardButton","Refreshing","UNMOUNTED","","Frontend\PlantProcess.Web\src\ui\standard-components.stories.tsx","126"
"no","standard-components.stories","(component)","StandardButton","Open modal","UNMOUNTED","() => setOpen(true)","Frontend\PlantProcess.Web\src\ui\standard-components.stories.tsx","161"
"no","standard-components.stories","(component)","StandardButton","Cancel","UNMOUNTED","() => setOpen(false)","Frontend\PlantProcess.Web\src\ui\standard-components.stories.tsx","172"
"no","standard-components.stories","(component)","StandardButton","Confirm","UNMOUNTED","() => setOpen(false)","Frontend\PlantProcess.Web\src\ui\standard-components.stories.tsx","175"
"no","StateRenderer","(component)","StandardButton","(no label)","UNMOUNTED","onRetry","Frontend\PlantProcess.Web\src\components\StateRenderer.tsx","85"
"no","StateRenderer","(component)","StandardButton","(no label)","UNMOUNTED","onRetry","Frontend\PlantProcess.Web\src\components\StateRenderer.tsx","112"
"no","V5ConnectorsIdentityPage","(component)","StandardButton","Register mock historian + backfill","UNMOUNTED","registerMockConnector","Frontend\PlantProcess.Web\src\pages\V5ConnectorsIdentityPage.tsx","128"
"no","V5ConnectorsIdentityPage","(component)","StandardButton","Enroll TOTP MFA","UNMOUNTED","enrollMfa","Frontend\PlantProcess.Web\src\pages\V5ConnectorsIdentityPage.tsx","135"
"no","V5NoCodeMapperPage","(component)","StandardButton","Run read-only demo discovery","UNMOUNTED","runDemoDiscovery","Frontend\PlantProcess.Web\src\pages\V5NoCodeMapperPage.tsx","120"
"no","V5OutboundI18nMobilePage","(component)","StandardButton","(no label)","UNMOUNTED","captureDemoLead","Frontend\PlantProcess.Web\src\pages\V5OutboundI18nMobilePage.tsx","177"
"no","V5OutboundI18nMobilePage","(component)","StandardButton","(no label)","UNMOUNTED","sendHighSeverityNotification","Frontend\PlantProcess.Web\src\pages\V5OutboundI18nMobilePage.tsx","181"
"no","V5OutboundI18nMobilePage","(component)","StandardP2Select","(no label)","UNMOUNTED","(event) => setLocaleCode(event.target.value as V5LocaleCode)","Frontend\PlantProcess.Web\src\pages\V5OutboundI18nMobilePage.tsx","141"
"no","V5SsoLicensingPage","(component)","StandardButton","Run mock SSO login","UNMOUNTED","runMockSsoLogin","Frontend\PlantProcess.Web\src\pages\V5SsoLicensingPage.tsx","138"
"no","V5SsoLicensingPage","(component)","StandardButton","Create + activate signed license","UNMOUNTED","createAndActivateLicense","Frontend\PlantProcess.Web\src\pages\V5SsoLicensingPage.tsx","145"
"no","AlertingPage","alerting","StandardButton","Run evaluation","HAS HANDLER","onEvaluate","Frontend\PlantProcess.Web\src\pages\DataIntegration\AlertingPage.tsx","146"
"no","AlertingPage","alerting","StandardButton","Add rule","HAS HANDLER","onCreate","Frontend\PlantProcess.Web\src\pages\DataIntegration\AlertingPage.tsx","196"
"no","App","(component)","StandardButton","Retry connection","HAS HANDLER","retryBootstrap","Frontend\PlantProcess.Web\src\App.tsx","428"
"no","AppLayout","(component)","StandardButton","(no label)","HAS HANDLER","() => setOpen((o) => !o)","Frontend\PlantProcess.Web\src\components\AppLayout.tsx","200"
"no","AppLayout","(component)","StandardButton","(no label)","HAS HANDLER","toggleTheme","Frontend\PlantProcess.Web\src\components\AppLayout.tsx","306"
"no","AppLayout","(component)","StandardButton","Logout","HAS HANDLER","logout","Frontend\PlantProcess.Web\src\components\AppLayout.tsx","338"
"no","AuthorMappingPage","author-mapping","StandardButton","Remove","HAS HANDLER","() => removeRow(row.idx)","Frontend\PlantProcess.Web\src\pages\DataIntegration\AuthorMappingPage.tsx","179"
"no","AuthorMappingPage","author-mapping","StandardButton","Add field","HAS HANDLER","addRow","Frontend\PlantProcess.Web\src\pages\DataIntegration\AuthorMappingPage.tsx","318"
"no","AuthorMappingPage","author-mapping","StandardButton","Save mapping","HAS HANDLER","onSave","Frontend\PlantProcess.Web\src\pages\DataIntegration\AuthorMappingPage.tsx","321"
"no","AuthorMappingPage","author-mapping","StandardButton","Execute projection","HAS HANDLER","onExecute","Frontend\PlantProcess.Web\src\pages\DataIntegration\AuthorMappingPage.tsx","324"
"no","BlockNode","(component)","StandardP2Input",") : (","HAS HANDLER","(e) => data.onField?.(id, f.key, e.target.value)","Frontend\PlantProcess.Web\src\canvas\nodes\BlockNode.tsx","28"
"no","BlockNode","(component)","StandardP2Select","(no label)","HAS HANDLER","(e) => data.onField?.(id, f.key, e.target.value)","Frontend\PlantProcess.Web\src\canvas\nodes\BlockNode.tsx","32"
"no","components/analytics","(component)","StandardButton","View evidence (","HAS HANDLER","() => onOpenEvidence?.(result.evidenceHandle as ProvenanceHandleRef)","Frontend\PlantProcess.Web\src\components\analytics\AdvancedResultPanel.tsx","96"
"no","components/assistant","(component)","StandardButton","(no label)","HAS HANDLER","() => submit(s)","Frontend\PlantProcess.Web\src\components\assistant\AssistantChat.tsx","94"
"no","components/assistant","(component)","StandardButton","Ask","HAS HANDLER","() => submit(text)","Frontend\PlantProcess.Web\src\components\assistant\AssistantChat.tsx","112"
"no","components/assistant","(component)","StandardButton","Source:","HAS HANDLER","() => { setOpenHandle(isOpen ? null : key); onOpenEvidence?.(h);","Frontend\PlantProcess.Web\src\components\assistant\AssistantChat.tsx","155"
"no","components/assistant","(component)","StandardP2Input","Ask about your approved findings...","HAS HANDLER","(e) => setText(e.target.value)","Frontend\PlantProcess.Web\src\components\assistant\AssistantChat.tsx","101"
"no","components/brand","(component)","anchor","SOU PlantProcess IQ home","HAS HANDLER","href:/","Frontend\PlantProcess.Web\src\components\brand\SOUBrand.tsx","15"
"no","components/brand","(component)","anchor","PlantProcess IQ dashboard","HAS HANDLER","href:/dashboard","Frontend\PlantProcess.Web\src\components\brand\ProductBrand.tsx","15"
"no","components/charts","(component)","StandardButton","(no label)","HAS HANDLER","() => selectCell(row)","Frontend\PlantProcess.Web\src\components\charts\InteractiveCharts.tsx","457"
"no","components/conflict","(component)","input","I understand this will replace","HAS HANDLER","(e) => setConfirmOverwrite(e.target.checked)","Frontend\PlantProcess.Web\src\components\conflict\ConflictDialog.tsx","37"
"no","components/conflict","(component)","StandardButton","Cancel","HAS HANDLER","onCancel","Frontend\PlantProcess.Web\src\components\conflict\ConflictDialog.tsx","47"
"no","components/conflict","(component)","StandardButton","Reload latest","HAS HANDLER","onReload","Frontend\PlantProcess.Web\src\components\conflict\ConflictDialog.tsx","50"
"no","components/conflict","(component)","StandardButton","Overwrite anyway","HAS HANDLER","onOverwrite","Frontend\PlantProcess.Web\src\components\conflict\ConflictDialog.tsx","53"
"no","components/dashboard","(component)","StandardButton","(no label)","HAS HANDLER","closeDrilldown","Frontend\PlantProcess.Web\src\components\dashboard\DrilldownDrawer.tsx","21"
"no","components/dashboard","(component)","StandardButton","(no label)","HAS HANDLER","undoSelection","Frontend\PlantProcess.Web\src\components\dashboard\SelectionBreadcrumb.tsx","23"
"no","components/dashboard","(component)","StandardButton","(no label)","HAS HANDLER","clearSelections","Frontend\PlantProcess.Web\src\components\dashboard\SelectionBreadcrumb.tsx","33"
"no","components/dashboard","(component)","StandardButton","Show widgets","HAS HANDLER","showAllWidgets","Frontend\PlantProcess.Web\src\components\dashboard\SelectionBreadcrumb.tsx","43"
"no","components/dashboard","(component)","StandardButton","(no label)","HAS HANDLER","() => { resetLayout(); resetGridLayout();","Frontend\PlantProcess.Web\src\components\dashboard\SelectionBreadcrumb.tsx","51"
"no","components/dashboard","(component)","StandardButton","(no label)","HAS HANDLER","() => onSelect(purpose.code)","Frontend\PlantProcess.Web\src\components\dashboard\widget-builder\content\WidgetBuilderWizardContent.data-steps.tsx","52"
"no","components/dashboard","(component)","StandardButton","(no label)","HAS HANDLER","onClose","Frontend\PlantProcess.Web\src\components\dashboard\widget-builder\content\WidgetBuilderWizardContent.view.tsx","83"
"no","components/dashboard","(component)","StandardButton","Use standard query only","HAS HANDLER","onDisableExpression","Frontend\PlantProcess.Web\src\components\dashboard\widget-builder\content\WidgetBuilderWizardContent.preview-steps.tsx","83"
"no","components/dashboard","(component)","StandardButton","(no label)","HAS HANDLER","() => onSelect(chartType.code)","Frontend\PlantProcess.Web\src\components\dashboard\widget-builder\content\WidgetBuilderWizardContent.data-steps.tsx","86"
"no","components/dashboard","(component)","StandardButton","(no label)","HAS HANDLER","() => setStep(item)","Frontend\PlantProcess.Web\src\components\dashboard\widget-builder\content\WidgetBuilderWizardContent.view.tsx","90"
"no","components/dashboard","(component)","StandardButton","(no label)","HAS HANDLER","() => void runPreview()","Frontend\PlantProcess.Web\src\components\dashboard\widget-builder\WidgetScriptStep.tsx","91"
"no","components/dashboard","(component)","StandardButton","(no label)","HAS HANDLER","() => { setExpression(template.expression); setPreview(null); setError(null);","Frontend\PlantProcess.Web\src\components\dashboard\widget-builder\WidgetScriptStep.tsx","103"
"no","components/dashboard","(component)","StandardButton","(no label)","HAS HANDLER","onPreview","Frontend\PlantProcess.Web\src\components\dashboard\widget-builder\content\WidgetBuilderWizardContent.preview-steps.tsx","152"
"no","components/dashboard","(component)","StandardButton","(no label)","HAS HANDLER","() => setWidgetChartType(widgetId, ct)","Frontend\PlantProcess.Web\src\components\dashboard\DashboardWidgetCard.tsx","186"
"no","components/dashboard","(component)","StandardButton","Full-row width","HAS HANDLER","() => expandWidgetToFullRow(gridItemId)","Frontend\PlantProcess.Web\src\components\dashboard\DashboardWidgetCard.tsx","200"
"no","components/dashboard","(component)","StandardButton","Compact size","HAS HANDLER","() => compactWidget(gridItemId)","Frontend\PlantProcess.Web\src\components\dashboard\DashboardWidgetCard.tsx","211"
"no","components/dashboard","(component)","StandardButton","Export CSV","HAS HANDLER","exportCsv","Frontend\PlantProcess.Web\src\components\dashboard\DashboardWidgetCard.tsx","222"
"no","components/dashboard","(component)","StandardButton","(no label)","HAS HANDLER","() => setIsCollapsed((v) => !v)","Frontend\PlantProcess.Web\src\components\dashboard\DashboardWidgetCard.tsx","234"
"no","components/dashboard","(component)","StandardButton","(no label)","HAS HANDLER","() => setIsFullscreen((v) => !v)","Frontend\PlantProcess.Web\src\components\dashboard\DashboardWidgetCard.tsx","245"
"no","components/dashboard","(component)","StandardButton","(no label)","HAS HANDLER","goBack","Frontend\PlantProcess.Web\src\components\dashboard\widget-builder\content\WidgetBuilderWizardContent.view.tsx","256"
"no","components/dashboard","(component)","StandardButton","Widget actions","HAS HANDLER","() => setIsActionMenuOpen((v) => !v)","Frontend\PlantProcess.Web\src\components\dashboard\DashboardWidgetCard.tsx","258"
"no","components/dashboard","(component)","StandardButton","(no label)","HAS HANDLER","runPreview","Frontend\PlantProcess.Web\src\components\dashboard\widget-builder\content\WidgetBuilderWizardContent.view.tsx","269"
"no","components/dashboard","(component)","StandardButton","(no label)","HAS HANDLER","() => execute(onRename)","Frontend\PlantProcess.Web\src\components\dashboard\DashboardWidgetCard.tsx","272"
"no","components/dashboard","(component)","StandardButton","(no label)","HAS HANDLER","() => execute(onEdit)","Frontend\PlantProcess.Web\src\components\dashboard\DashboardWidgetCard.tsx","279"
"no","components/dashboard","(component)","StandardButton","(no label)","HAS HANDLER","saveWidget","Frontend\PlantProcess.Web\src\components\dashboard\widget-builder\content\WidgetBuilderWizardContent.view.tsx","279"
"no","components/dashboard","(component)","StandardButton","(no label)","HAS HANDLER","() => execute(onClone)","Frontend\PlantProcess.Web\src\components\dashboard\DashboardWidgetCard.tsx","286"
"no","components/dashboard","(component)","StandardButton","(no label)","HAS HANDLER","() => execute(onHide)","Frontend\PlantProcess.Web\src\components\dashboard\DashboardWidgetCard.tsx","293"
"no","components/dashboard","(component)","StandardButton","Next","HAS HANDLER","goNext","Frontend\PlantProcess.Web\src\components\dashboard\widget-builder\content\WidgetBuilderWizardContent.view.tsx","294"
"no","components/dashboard","(component)","StandardButton","(no label)","HAS HANDLER","() => execute(async () => { const confirmed = window.confirm( `Remove widget ""$","Frontend\PlantProcess.Web\src\components\dashboard\DashboardWidgetCard.tsx","300"
"no","components/dashboard","(component)","StandardP2Button","(no label)","HAS HANDLER","() => setOpen((o) => !o)","Frontend\PlantProcess.Web\src\components\dashboard\AssociativePanel.tsx","15"
"no","components/dashboard","(component)","StandardP2Button","(no label)","HAS HANDLER","() => setEnabled(!enabled)","Frontend\PlantProcess.Web\src\components\dashboard\AssociativePanel.tsx","22"
"no","components/dashboard","(component)","StandardP2Button","(no label)","HAS HANDLER","() => toggleValue(fa.field.key, v)","Frontend\PlantProcess.Web\src\components\dashboard\AssociativePanel.tsx","42"
"no","components/dashboard","(component)","StandardP2Button","(no label)","HAS HANDLER","() => toggle(d.cat)","Frontend\PlantProcess.Web\src\components\dashboard\ChartExtras.tsx","90"
"no","components/dashboard","(component)","StandardP2Input","Example: Coil, Batch, Slab, Roll","HAS HANDLER","(event) => onPatchFilters({ materialUnitType: event.target.value || null","Frontend\PlantProcess.Web\src\components\dashboard\widget-builder\content\WidgetBuilderWizardContent.filter-step.tsx","105"
"no","components/dashboard","(component)","StandardP2Input","Example: Defect rate by equipment","HAS HANDLER","(event) => onPatch({ widgetTitle: event.target.value","Frontend\PlantProcess.Web\src\components\dashboard\widget-builder\content\WidgetBuilderWizardContent.data-steps.tsx","136"
"no","components/dashboard","(component)","StandardP2Input","(no label)","HAS HANDLER","(event) => onPatch({ relativeDateValue: Number(event.target.value)","Frontend\PlantProcess.Web\src\components\dashboard\widget-builder\content\WidgetBuilderWizardContent.filter-step.tsx","202"
"no","components/dashboard","(component)","StandardP2Input","(no label)","HAS HANDLER","(event) => onPatch({ maxRows: Number(event.target.value)","Frontend\PlantProcess.Web\src\components\dashboard\widget-builder\content\WidgetBuilderWizardContent.data-steps.tsx","210"
"no","components/dashboard","(component)","StandardP2Input","(no label)","HAS HANDLER","(event) => onPatch({ rawRowLimit: Number(event.target.value)","Frontend\PlantProcess.Web\src\components\dashboard\widget-builder\content\WidgetBuilderWizardContent.data-steps.tsx","221"
"no","components/dashboard","(component)","StandardP2Input","(no label)","HAS HANDLER","(event) => onPatchFilters({ fromUtc: fromInputDateTime(event.target.value),","Frontend\PlantProcess.Web\src\components\dashboard\widget-builder\content\WidgetBuilderWizardContent.filter-step.tsx","234"
"no","components/dashboard","(component)","StandardP2Input","(no label)","HAS HANDLER","(event) => onPatchFilters({ toUtc: fromInputDateTime(event.target.value),","Frontend\PlantProcess.Web\src\components\dashboard\widget-builder\content\WidgetBuilderWizardContent.filter-step.tsx","247"
"no","components/dashboard","(component)","StandardP2Select","(no label)","HAS HANDLER","(event) => onPatchFilters({ siteId: event.target.value || null","Frontend\PlantProcess.Web\src\components\dashboard\widget-builder\content\WidgetBuilderWizardContent.filter-step.tsx","54"
"no","components/dashboard","(component)","StandardP2Select","(no label)","HAS HANDLER","(event) => onPatchFilters({ areaId: event.target.value || null","Frontend\PlantProcess.Web\src\components\dashboard\widget-builder\content\WidgetBuilderWizardContent.filter-step.tsx","71"
"no","components/dashboard","(component)","StandardP2Select","(no label)","HAS HANDLER","(event) => onPatchFilters({ equipmentId: event.target.value || null","Frontend\PlantProcess.Web\src\components\dashboard\widget-builder\content\WidgetBuilderWizardContent.filter-step.tsx","88"
"no","components/dashboard","(component)","StandardP2Select","(no label)","HAS HANDLER","(event) => onPatchFilters({ defectType: event.target.value || null","Frontend\PlantProcess.Web\src\components\dashboard\widget-builder\content\WidgetBuilderWizardContent.filter-step.tsx","116"
"no","components/dashboard","(component)","StandardP2Select","(no label)","HAS HANDLER","(event) => onPatchFilters({ riskClass: event.target.value || null","Frontend\PlantProcess.Web\src\components\dashboard\widget-builder\content\WidgetBuilderWizardContent.filter-step.tsx","133"
"no","components/dashboard","(component)","StandardP2Select","(no label)","HAS HANDLER","(event) => onPatch({ widgetType: event.target.value","Frontend\PlantProcess.Web\src\components\dashboard\widget-builder\content\WidgetBuilderWizardContent.data-steps.tsx","145"
"no","components/dashboard","(component)","StandardP2Select","(no label)","HAS HANDLER","(event) => onPatchFilters({ sourceSystem: event.target.value || null","Frontend\PlantProcess.Web\src\components\dashboard\widget-builder\content\WidgetBuilderWizardContent.filter-step.tsx","150"
"no","components/dashboard","(component)","StandardP2Select","(no label)","HAS HANDLER","(event) => onPatch({ dimensionCode: event.target.value || undefined","Frontend\PlantProcess.Web\src\components\dashboard\widget-builder\content\WidgetBuilderWizardContent.data-steps.tsx","157"
"no","components/dashboard","(component)","StandardP2Select","(no label)","HAS HANDLER","(event) => onPatchFilters({ shiftCode: event.target.value || null","Frontend\PlantProcess.Web\src\components\dashboard\widget-builder\content\WidgetBuilderWizardContent.filter-step.tsx","167"
"no","components/dashboard","(component)","StandardP2Select","(no label)","HAS HANDLER","(event) => onPatch({ measureCode: event.target.value || undefined","Frontend\PlantProcess.Web\src\components\dashboard\widget-builder\content\WidgetBuilderWizardContent.data-steps.tsx","174"
"no","components/dashboard","(component)","StandardP2Select","(no label)","HAS HANDLER","(event) => onPatch({ dateMode: event.target.value as WidgetBuilderState[""dateMode""],","Frontend\PlantProcess.Web\src\components\dashboard\widget-builder\content\WidgetBuilderWizardContent.filter-step.tsx","184"
"no","components/dashboard","(component)","StandardP2Select","(no label)","HAS HANDLER","(event) => onPatch({ parameterCode: event.target.value || undefined","Frontend\PlantProcess.Web\src\components\dashboard\widget-builder\content\WidgetBuilderWizardContent.data-steps.tsx","192"
"no","components/dashboard","(component)","StandardP2Select","(no label)","HAS HANDLER","(event) => onPatch({ relativeDateUnit: event.target.value as RelativeDateUnit,","Frontend\PlantProcess.Web\src\components\dashboard\widget-builder\content\WidgetBuilderWizardContent.filter-step.tsx","214"
"no","components/dashboard","(component)","StandardP2TextArea","(no label)","HAS HANDLER","(event) => { setExpression(event.target.value); setPreview(null); setError(null);","Frontend\PlantProcess.Web\src\components\dashboard\widget-builder\WidgetScriptStep.tsx","119"
"no","components/inspection","(component)","StandardButton","Cancel","HAS HANDLER","onClose","Frontend\PlantProcess.Web\src\components\inspection\SaveInspectionJobModal.tsx","71"
"no","components/inspection","(component)","StandardButton","Save Investigation","HAS HANDLER","submit","Frontend\PlantProcess.Web\src\components\inspection\SaveInspectionJobModal.tsx","72"
"no","components/inspection","(component)","StandardP2Input","(no label)","HAS HANDLER","(event) => setNotifyOnChange(event.target.checked)","Frontend\PlantProcess.Web\src\components\inspection\SaveInspectionJobModal.tsx","91"
"no","components/license","(component)","StandardButton","Retry","HAS HANDLER","() => void refresh()","Frontend\PlantProcess.Web\src\components\license\LicenseUsagePanel.tsx","32"
"no","components/logging","(component)","input","Filter by word...","HAS HANDLER","(e) => setSearch(e.target.value)","Frontend\PlantProcess.Web\src\components\logging\LogPanel.tsx","130"
"no","components/logging","(component)","input","Day","HAS HANDLER","(e) => setDay(e.target.value)","Frontend\PlantProcess.Web\src\components\logging\LogPanel.tsx","157"
"no","components/logging","(component)","input",") : null}","HAS HANDLER","(e) => setHour(e.target.value)","Frontend\PlantProcess.Web\src\components\logging\LogPanel.tsx","160"
"no","components/logging","(component)","select","Job type","HAS HANDLER","(e) => setJobType(e.target.value)","Frontend\PlantProcess.Web\src\components\logging\LogPanel.tsx","140"
"no","components/logging","(component)","select","Severity","HAS HANDLER","(e) => setSeverity(e.target.value)","Frontend\PlantProcess.Web\src\components\logging\LogPanel.tsx","149"
"no","components/logging","(component)","StandardButton","(no label)","HAS HANDLER","() => setOpen((v) => !v)","Frontend\PlantProcess.Web\src\components\logging\LogPanel.tsx","101"
"no","components/logging","(component)","StandardButton","Job events","HAS HANDLER","() => setSource(""job"")","Frontend\PlantProcess.Web\src\components\logging\LogPanel.tsx","114"
"no","components/logging","(component)","StandardButton","System log","HAS HANDLER","() => setSource(""system"")","Frontend\PlantProcess.Web\src\components\logging\LogPanel.tsx","121"
"no","components/logging","(component)","StandardButton","Refresh","HAS HANDLER","load","Frontend\PlantProcess.Web\src\components\logging\LogPanel.tsx","172"
"no","components/materials","(component)","StandardButton","(no label)","HAS HANDLER","() => load(pending)","Frontend\PlantProcess.Web\src\components\materials\GenealogyThreadPanel.tsx","117"
"no","components/materials","(component)","StandardButton","(no label)","HAS HANDLER","calculateRisk","Frontend\PlantProcess.Web\src\components\materials\GenealogyThreadPanel.tsx","120"
"no","components/materials","(component)","StandardButton","PDF Report","HAS HANDLER","openPdf","Frontend\PlantProcess.Web\src\components\materials\GenealogyThreadPanel.tsx","124"
"no","components/materials","(component)","StandardButton","Retry","HAS HANDLER","() => load(materialKey)","Frontend\PlantProcess.Web\src\components\materials\GenealogyThreadPanel.tsx","148"
"no","components/materials","(component)","StandardP2Input","Enter a material code","HAS HANDLER","(e) => setPending(e.target.value)","Frontend\PlantProcess.Web\src\components\materials\GenealogyThreadPanel.tsx","134"
"no","components/standard","(component)","anchor","(no label)","HAS HANDLER","item.href","Frontend\PlantProcess.Web\src\components\standard\StandardTabs.tsx","192"
"no","components/standard","(component)","button","(no label)","HAS HANDLER","this.reset","Frontend\PlantProcess.Web\src\components\standard\ErrorBoundary.tsx","132"
"no","components/standard","(component)","button","(no label)","HAS HANDLER","onClick as ButtonHTMLAttributes<HTMLButtonElement>[""onClick""]","Frontend\PlantProcess.Web\src\components\standard\StandardButton.tsx","170"
"no","components/standard","(component)","button","(no label)","HAS HANDLER","() => handleSort(column)","Frontend\PlantProcess.Web\src\components\standard\StandardDataTable.tsx","180"
"no","components/standard","(component)","button","(no label)","HAS HANDLER","() => activate(item.id)","Frontend\PlantProcess.Web\src\components\standard\StandardTabs.tsx","221"
"no","components/standard","(component)","button","(no label)","HAS HANDLER","() => setOpen((current) => !current)","Frontend\PlantProcess.Web\src\components\standard\StandardFields.tsx","301"
"no","components/standard","(component)","button","(no label)","HAS HANDLER","(event) => toggleSort(column, event.shiftKey)","Frontend\PlantProcess.Web\src\components\standard\StandardTable.implementation.tsx","364"
"no","components/standard","(component)","input",")}","HAS HANDLER","(event) => onChange?.(event.target.value, event)","Frontend\PlantProcess.Web\src\components\standard\StandardFields.tsx","139"
"no","components/standard","(component)","input",") : null}","HAS HANDLER","(event) => setQuery(event.target.value)","Frontend\PlantProcess.Web\src\components\standard\StandardFields.tsx","340"
"no","components/standard","(component)","input","(no label)","HAS HANDLER","() => toggleRow(key)","Frontend\PlantProcess.Web\src\components\standard\StandardTable.implementation.tsx","396"
"no","components/standard","(component)","StandardButton","(no label)","HAS HANDLER","onRetry","Frontend\PlantProcess.Web\src\components\standard\DataFetchBoundary.tsx","77"
"no","components/standard","(component)","StandardButton","Clear search","HAS HANDLER","() => { const synthetic = { target: { value: """"","Frontend\PlantProcess.Web\src\components\standard\StandardFields.tsx","122"
"no","components/standard","(component)","StandardButton","Close modal","HAS HANDLER","onClose","Frontend\PlantProcess.Web\src\components\standard\StandardSurface.tsx","179"
"no","components/standard","(component)","StandardButton","Retry","HAS HANDLER","onRetry","Frontend\PlantProcess.Web\src\components\standard\StandardTable.implementation.tsx","224"
"no","components/standard","(component)","StandardButton","Dismiss notification","HAS HANDLER","() => dismiss(message.id)","Frontend\PlantProcess.Web\src\components\standard\StandardSurface.tsx","261"
"no","components/standard","(component)","StandardButton","Export CSV","HAS HANDLER","() => downloadCsv( ""plantprocess-table-export.csv"", visibleColumns.map((column) => String(column.header))","Frontend\PlantProcess.Web\src\components\standard\StandardTable.implementation.tsx","322"
"no","components/standard","(component)","StandardButton","Previous","HAS HANDLER","() => { const next = Math.max(0, pageIndex - 1); setPageIndex(next); emitQuery({ pageIndex: next","Frontend\PlantProcess.Web\src\components\standard\StandardTable.implementation.tsx","440"
"no","components/standard","(component)","StandardButton","Next","HAS HANDLER","() => { const next = Math.min(pageCount - 1, pageIndex + 1); setPageIndex(next); emitQuery({ pageIndex: next","Frontend\PlantProcess.Web\src\components\standard\StandardTable.implementation.tsx","464"
"no","components/standard","(component)","textarea",")}","HAS HANDLER","(event) => onChange?.(event.target.value, event)","Frontend\PlantProcess.Web\src\components\standard\StandardFields.tsx","203"
"no","DashboardFilterBar","(component)","StandardButton","Clear all filters","HAS HANDLER","clearAllFilters","Frontend\PlantProcess.Web\src\components\DashboardFilterBar.tsx","132"
"no","DashboardFilterBar","(component)","StandardP2Input","(no label)","HAS HANDLER","(e) => onChange(e.target.value)","Frontend\PlantProcess.Web\src\components\DashboardFilterBar.tsx","86"
"no","DashboardFilterBar","(component)","StandardP2Select","(no label)","HAS HANDLER","(e) => onChange(e.target.value)","Frontend\PlantProcess.Web\src\components\DashboardFilterBar.tsx","50"
"no","DataIntegrationLayout","/data-integration","StandardButton","Refresh","HAS HANDLER","() => void refresh()","Frontend\PlantProcess.Web\src\pages\DataIntegration\DataIntegrationLayout.tsx","78"
"no","pages/Admin","(component)","StandardButton","(no label)","HAS HANDLER","() => setOpen((o) => !o)","Frontend\PlantProcess.Web\src\pages\Admin\AdminSharedComponents.tsx","60"
"no","pages/MaterialAnalytics","(component)","StandardButton","(no label)","HAS HANDLER","() => onDrilldown?.(row)","Frontend\PlantProcess.Web\src\pages\MaterialAnalytics\MaterialAnalyticsPages.tsx","302"
"no","pages/MaterialAnalytics","(component)","StandardButton","Refresh dashboard","HAS HANDLER","workspace.reload","Frontend\PlantProcess.Web\src\pages\MaterialAnalytics\MaterialAnalyticsPages.tsx","369"
"no","pages/MaterialAnalytics","(component)","StandardButton","Search","HAS HANDLER","materials.reload","Frontend\PlantProcess.Web\src\pages\MaterialAnalytics\MaterialAnalyticsPages.tsx","487"
"no","pages/MaterialAnalytics","(component)","StandardButton","Save Investigation","HAS HANDLER","() => setSaveOpen(true)","Frontend\PlantProcess.Web\src\pages\MaterialAnalytics\MaterialAnalyticsPages.tsx","488"
"no","pages/MaterialAnalytics","(component)","StandardButton","Share","HAS HANDLER","() => void navigator.clipboard?.writeText(window.location.href)","Frontend\PlantProcess.Web\src\pages\MaterialAnalytics\MaterialAnalyticsPages.tsx","489"
"no","pages/MaterialAnalytics","(component)","StandardButton","Calculate Risk","HAS HANDLER","() => selectedMaterialId && productApi.calculateRisk(selectedMaterialId)","Frontend\PlantProcess.Web\src\pages\MaterialAnalytics\MaterialAnalyticsPages.tsx","520"
"no","pages/MaterialAnalytics","(component)","StandardButton","Cancel","HAS HANDLER","() => setSaveOpen(false)","Frontend\PlantProcess.Web\src\pages\MaterialAnalytics\MaterialAnalyticsPages.tsx","542"
"no","pages/MaterialAnalytics","(component)","StandardButton","Save view","HAS HANDLER","() => setSaveOpen(false)","Frontend\PlantProcess.Web\src\pages\MaterialAnalytics\MaterialAnalyticsPages.tsx","543"
"no","pages/MaterialAnalytics","(component)","StandardButton","(no label)","HAS HANDLER","() => setRiskClass(item)","Frontend\PlantProcess.Web\src\pages\MaterialAnalytics\MaterialAnalyticsPages.tsx","575"
"no","pages/MaterialAnalytics","(component)","StandardButton","Refresh","HAS HANDLER","risk.reload","Frontend\PlantProcess.Web\src\pages\MaterialAnalytics\MaterialAnalyticsPages.tsx","579"
"no","pages/MaterialAnalytics","(component)","StandardButton","Refresh findings","HAS HANDLER","dataQuality.reload","Frontend\PlantProcess.Web\src\pages\MaterialAnalytics\MaterialAnalyticsPages.tsx","638"
"no","pages/MaterialAnalytics","(component)","StandardButton","Run correlation","HAS HANDLER","correlation.reload","Frontend\PlantProcess.Web\src\pages\MaterialAnalytics\MaterialAnalyticsPages.tsx","717"
"no","pages/MaterialAnalytics","(component)","StandardButton","Run training gate check","HAS HANDLER","ensureJobs","Frontend\PlantProcess.Web\src\pages\MaterialAnalytics\MaterialAnalyticsPages.tsx","796"
"no","pages/MaterialAnalytics","(component)","StandardButton","(no label)","HAS HANDLER","() => setTier(item)","Frontend\PlantProcess.Web\src\pages\MaterialAnalytics\MaterialAnalyticsPages.tsx","853"
"no","pages/MaterialAnalytics","(component)","StandardButton","Refresh admin","HAS HANDLER","admin.reload","Frontend\PlantProcess.Web\src\pages\MaterialAnalytics\MaterialAnalyticsPages.tsx","951"
"no","RoutedInteractiveWorkspacePage","/workspace/:dashboardCode","StandardButton","(no label)","HAS HANDLER","() => void persistence.saveLayout()","Frontend\PlantProcess.Web\src\pages\Dashboard\InteractiveWorkspacePage.tsx","132"
"no","RoutedInteractiveWorkspacePage","/workspace/:dashboardCode","StandardButton","Refresh widgets","HAS HANDLER","refresh","Frontend\PlantProcess.Web\src\pages\Dashboard\InteractiveWorkspacePage.tsx","139"
"no","standard-components.implementation","(component)","button","(no label)","HAS HANDLER","() => onChange(item.id)","Frontend\PlantProcess.Web\src\ui\standard-components.implementation.tsx","275"
"no","standard-components.implementation","(component)","StandardButton","Close modal","HAS HANDLER","onClose","Frontend\PlantProcess.Web\src\ui\standard-components.implementation.tsx","458"
"no","standard-components.implementation","(component)","StandardButton","Dismiss notification","HAS HANDLER","() => dismiss(message.id)","Frontend\PlantProcess.Web\src\ui\standard-components.implementation.tsx","512"
"no","SupervisorReportPage","supervisor","StandardButton","Run review now","HAS HANDLER","onRun","Frontend\PlantProcess.Web\src\pages\DataIntegration\SupervisorReportPage.tsx","79"
