"onDemoPath","route","page","controlType","label","classification","handler","file","line"
"YES","/connections","StandardButton","anchor","(no label)","NO HANDLER","","Frontend\PlantProcess.Web\src\components\standard\StandardButton.tsx","136"
"YES","/dashboard","DashboardWidgetCard","StandardP2Select","(no label)","NO HANDLER","","Frontend\PlantProcess.Web\src\components\dashboard\DashboardWidgetCard.tsx","9"
"YES","/investigate/analysis-jobs","StandardPageCompat","button","(no label)","NO HANDLER","","Frontend\PlantProcess.Web\src\components\standard\StandardPageCompat.tsx","23"
"YES","/investigate/analysis-jobs","StandardPageCompat","input","),","NO HANDLER","","Frontend\PlantProcess.Web\src\components\standard\StandardPageCompat.tsx","41"
"YES","/investigate/analysis-jobs","StandardPageCompat","select","(no label)","NO HANDLER","","Frontend\PlantProcess.Web\src\components\standard\StandardPageCompat.tsx","53"
"YES","/investigate/analysis-jobs","StandardPageCompat","textarea","),","NO HANDLER","","Frontend\PlantProcess.Web\src\components\standard\StandardPageCompat.tsx","67"
"YES","/materials/:materialUnitId","MaterialInvestigationPage","StandardButton","(no label)","NO HANDLER","","Frontend\PlantProcess.Web\src\pages\MaterialInvestigation\MaterialInvestigationPage.tsx","362"
"YES","/materials/:materialUnitId","MaterialInvestigationPage","StandardButton","(no label)","NO HANDLER","","Frontend\PlantProcess.Web\src\pages\MaterialInvestigation\MaterialInvestigationPage.tsx","419"
"YES","/advisory/roi-cfo-dashboard","RoiCfoDashboardPage","StandardButton","Export CFO evidence pack","HAS HANDLER","() => void exportEvidencePack()","Frontend\PlantProcess.Web\src\pages\Advisory\RoiCfoDashboardPage.tsx","108"
"YES","/alerting","AlertingPage","StandardButton","Run evaluation","HAS HANDLER","onEvaluate","Frontend\PlantProcess.Web\src\pages\DataIntegration\AlertingPage.tsx","146"
"YES","/alerting","AlertingPage","StandardButton","Add rule","HAS HANDLER","onCreate","Frontend\PlantProcess.Web\src\pages\DataIntegration\AlertingPage.tsx","196"
"YES","/analysis/toolbox","AnalysisToolboxPage","StandardP2Button","(no label)","HAS HANDLER","run","Frontend\PlantProcess.Web\src\pages\Analysis\AnalysisToolboxPage.tsx","154"
"YES","/analysis/toolbox","BlockNode","StandardP2Input",") : (","HAS HANDLER","(e) => data.onField?.(id, f.key, e.target.value)","Frontend\PlantProcess.Web\src\canvas\nodes\BlockNode.tsx","28"
"YES","/analysis/toolbox","BlockNode","StandardP2Select","(no label)","HAS HANDLER","(e) => data.onField?.(id, f.key, e.target.value)","Frontend\PlantProcess.Web\src\canvas\nodes\BlockNode.tsx","32"
"YES","/analytics-widgets","AdvancedResultPanel","StandardButton","View evidence (","HAS HANDLER","() => onOpenEvidence?.(result.evidenceHandle as ProvenanceHandleRef)","Frontend\PlantProcess.Web\src\components\analytics\AdvancedResultPanel.tsx","96"
"YES","/analytics-widgets","DataFetchBoundary","StandardButton","(no label)","HAS HANDLER","onRetry","Frontend\PlantProcess.Web\src\components\standard\DataFetchBoundary.tsx","77"
"YES","/assistant","AssistantChat","StandardButton","(no label)","HAS HANDLER","() => submit(s)","Frontend\PlantProcess.Web\src\components\assistant\AssistantChat.tsx","94"
"YES","/assistant","AssistantChat","StandardP2Input","Ask about your approved findings...","HAS HANDLER","(e) => setText(e.target.value)","Frontend\PlantProcess.Web\src\components\assistant\AssistantChat.tsx","101"
"YES","/assistant","AssistantChat","StandardButton","Ask","HAS HANDLER","() => submit(text)","Frontend\PlantProcess.Web\src\components\assistant\AssistantChat.tsx","112"
"YES","/assistant","AssistantChat","StandardButton","Source:","HAS HANDLER","() => { setOpenHandle(isOpen ? null : key); onOpenEvidence?.(h);","Frontend\PlantProcess.Web\src\components\assistant\AssistantChat.tsx","155"
"YES","/assistant/configuration","AssistantConfigurationPage","StandardP2Select","(no label)","HAS HANDLER","(event) => setConfig({ ...config, mode: event.target.value","Frontend\PlantProcess.Web\src\pages\Phase8\AssistantConfigurationPage.tsx","108"
"YES","/assistant/configuration","AssistantConfigurationPage","StandardP2Select","(no label)","HAS HANDLER","(event) => setConfig({ ...config, groundingPolicy: event.target.value","Frontend\PlantProcess.Web\src\pages\Phase8\AssistantConfigurationPage.tsx","117"
"YES","/assistant/configuration","AssistantConfigurationPage","StandardP2Select","(no label)","HAS HANDLER","(event) => setConfig({ ...config, evidencePolicy: event.target.value","Frontend\PlantProcess.Web\src\pages\Phase8\AssistantConfigurationPage.tsx","126"
"YES","/assistant/configuration","AssistantConfigurationPage","StandardP2Input","(no label)","HAS HANDLER","(event) => setConfig({ ...config, maxCitations: Number(event.target.value)","Frontend\PlantProcess.Web\src\pages\Phase8\AssistantConfigurationPage.tsx","135"
"YES","/assistant/configuration","AssistantConfigurationPage","StandardP2Input","No egress","HAS HANDLER","(event) => setConfig({ ...config, noEgress: event.target.checked","Frontend\PlantProcess.Web\src\pages\Phase8\AssistantConfigurationPage.tsx","143"
"YES","/assistant/configuration","AssistantConfigurationPage","StandardP2Input","Require human approval for recommendations","HAS HANDLER","(event) => setConfig({ ...config, requireHumanApprovalForRecommendations: event.target.checked","Frontend\PlantProcess.Web\src\pages\Phase8\AssistantConfigurationPage.tsx","148"
"YES","/assistant/configuration","AssistantConfigurationPage","StandardP2Input","Enable suggestion workflow","HAS HANDLER","(event) => setConfig({ ...config, enableSuggestionWorkflow: event.target.checked","Frontend\PlantProcess.Web\src\pages\Phase8\AssistantConfigurationPage.tsx","153"
"YES","/assistant/configuration","AssistantConfigurationPage","StandardP2Input","(no label)","HAS HANDLER","() => toggleTool(tool)","Frontend\PlantProcess.Web\src\pages\Phase8\AssistantConfigurationPage.tsx","161"
"YES","/assistant/configuration","AssistantConfigurationPage","StandardButton","Save configuration","HAS HANDLER","() => void save()","Frontend\PlantProcess.Web\src\pages\Phase8\AssistantConfigurationPage.tsx","175"
"YES","/assistant/configuration","AssistantConfigurationPage","StandardButton","Reset safe defaults","HAS HANDLER","() => void reset()","Frontend\PlantProcess.Web\src\pages\Phase8\AssistantConfigurationPage.tsx","176"
"YES","/author-mapping","AuthorMappingPage","StandardButton","Remove","HAS HANDLER","() => removeRow(row.idx)","Frontend\PlantProcess.Web\src\pages\DataIntegration\AuthorMappingPage.tsx","179"
"YES","/author-mapping","AuthorMappingPage","StandardButton","Add field","HAS HANDLER","addRow","Frontend\PlantProcess.Web\src\pages\DataIntegration\AuthorMappingPage.tsx","318"
"YES","/author-mapping","AuthorMappingPage","StandardButton","Save mapping","HAS HANDLER","onSave","Frontend\PlantProcess.Web\src\pages\DataIntegration\AuthorMappingPage.tsx","321"
"YES","/author-mapping","AuthorMappingPage","StandardButton","Execute projection","HAS HANDLER","onExecute","Frontend\PlantProcess.Web\src\pages\DataIntegration\AuthorMappingPage.tsx","324"
"YES","/connections","AdminSharedComponents","StandardButton","(no label)","HAS HANDLER","() => setOpen((o) => !o)","Frontend\PlantProcess.Web\src\pages\Admin\AdminSharedComponents.tsx","60"
"YES","/connections","DataIntegrationLayout","StandardButton","Refresh","HAS HANDLER","() => void refresh()","Frontend\PlantProcess.Web\src\pages\DataIntegration\DataIntegrationLayout.tsx","78"
"YES","/connections","StandardButton","button","(no label)","HAS HANDLER","onClick as ButtonHTMLAttributes<HTMLButtonElement>[""onClick""]","Frontend\PlantProcess.Web\src\components\standard\StandardButton.tsx","170"
"YES","/dashboard","AssociativePanel","StandardP2Button","(no label)","HAS HANDLER","() => setOpen((o) => !o)","Frontend\PlantProcess.Web\src\components\dashboard\AssociativePanel.tsx","15"
"YES","/dashboard","AssociativePanel","StandardP2Button","(no label)","HAS HANDLER","() => setEnabled(!enabled)","Frontend\PlantProcess.Web\src\components\dashboard\AssociativePanel.tsx","22"
"YES","/dashboard","AssociativePanel","StandardP2Button","(no label)","HAS HANDLER","() => toggleValue(fa.field.key, v)","Frontend\PlantProcess.Web\src\components\dashboard\AssociativePanel.tsx","42"
"YES","/dashboard","ChartExtras","StandardP2Button","(no label)","HAS HANDLER","() => toggle(d.cat)","Frontend\PlantProcess.Web\src\components\dashboard\ChartExtras.tsx","90"
"YES","/dashboard","DashboardFilterBar","StandardP2Select","(no label)","HAS HANDLER","(e) => onChange(e.target.value)","Frontend\PlantProcess.Web\src\components\DashboardFilterBar.tsx","50"
"YES","/dashboard","DashboardFilterBar","StandardP2Input","(no label)","HAS HANDLER","(e) => onChange(e.target.value)","Frontend\PlantProcess.Web\src\components\DashboardFilterBar.tsx","86"
"YES","/dashboard","DashboardFilterBar","StandardButton","Clear all filters","HAS HANDLER","clearAllFilters","Frontend\PlantProcess.Web\src\components\DashboardFilterBar.tsx","132"
"YES","/dashboard","DashboardWidgetCard","StandardButton","(no label)","HAS HANDLER","() => setWidgetChartType(widgetId, ct)","Frontend\PlantProcess.Web\src\components\dashboard\DashboardWidgetCard.tsx","186"
"YES","/dashboard","DashboardWidgetCard","StandardButton","Full-row width","HAS HANDLER","() => expandWidgetToFullRow(gridItemId)","Frontend\PlantProcess.Web\src\components\dashboard\DashboardWidgetCard.tsx","200"
"YES","/dashboard","DashboardWidgetCard","StandardButton","Compact size","HAS HANDLER","() => compactWidget(gridItemId)","Frontend\PlantProcess.Web\src\components\dashboard\DashboardWidgetCard.tsx","211"
"YES","/dashboard","DashboardWidgetCard","StandardButton","Export CSV","HAS HANDLER","exportCsv","Frontend\PlantProcess.Web\src\components\dashboard\DashboardWidgetCard.tsx","222"
"YES","/dashboard","DashboardWidgetCard","StandardButton","(no label)","HAS HANDLER","() => setIsCollapsed((v) => !v)","Frontend\PlantProcess.Web\src\components\dashboard\DashboardWidgetCard.tsx","234"
"YES","/dashboard","DashboardWidgetCard","StandardButton","(no label)","HAS HANDLER","() => setIsFullscreen((v) => !v)","Frontend\PlantProcess.Web\src\components\dashboard\DashboardWidgetCard.tsx","245"
"YES","/dashboard","DashboardWidgetCard","StandardButton","Widget actions","HAS HANDLER","() => setIsActionMenuOpen((v) => !v)","Frontend\PlantProcess.Web\src\components\dashboard\DashboardWidgetCard.tsx","258"
"YES","/dashboard","DashboardWidgetCard","StandardButton","(no label)","HAS HANDLER","() => execute(onRename)","Frontend\PlantProcess.Web\src\components\dashboard\DashboardWidgetCard.tsx","272"
"YES","/dashboard","DashboardWidgetCard","StandardButton","(no label)","HAS HANDLER","() => execute(onEdit)","Frontend\PlantProcess.Web\src\components\dashboard\DashboardWidgetCard.tsx","279"
"YES","/dashboard","DashboardWidgetCard","StandardButton","(no label)","HAS HANDLER","() => execute(onClone)","Frontend\PlantProcess.Web\src\components\dashboard\DashboardWidgetCard.tsx","286"
"YES","/dashboard","DashboardWidgetCard","StandardButton","(no label)","HAS HANDLER","() => execute(onHide)","Frontend\PlantProcess.Web\src\components\dashboard\DashboardWidgetCard.tsx","293"
"YES","/dashboard","DashboardWidgetCard","StandardButton","(no label)","HAS HANDLER","() => execute(async () => { const confirmed = window.confirm( `Remove widget ""$","Frontend\PlantProcess.Web\src\components\dashboard\DashboardWidgetCard.tsx","300"
"YES","/dashboard","DrilldownDrawer","StandardButton","(no label)","HAS HANDLER","closeDrilldown","Frontend\PlantProcess.Web\src\components\dashboard\DrilldownDrawer.tsx","21"
"YES","/dashboard","InteractiveCharts","StandardButton","(no label)","HAS HANDLER","() => selectCell(row)","Frontend\PlantProcess.Web\src\components\charts\InteractiveCharts.tsx","457"
"YES","/dashboard","InteractiveWorkspacePage","StandardButton","(no label)","HAS HANDLER","() => void persistence.saveLayout()","Frontend\PlantProcess.Web\src\pages\Dashboard\InteractiveWorkspacePage.tsx","132"
"YES","/dashboard","InteractiveWorkspacePage","StandardButton","Refresh widgets","HAS HANDLER","refresh","Frontend\PlantProcess.Web\src\pages\Dashboard\InteractiveWorkspacePage.tsx","139"
"YES","/dashboard","SelectionBreadcrumb","StandardButton","(no label)","HAS HANDLER","undoSelection","Frontend\PlantProcess.Web\src\components\dashboard\SelectionBreadcrumb.tsx","23"
"YES","/dashboard","SelectionBreadcrumb","StandardButton","(no label)","HAS HANDLER","clearSelections","Frontend\PlantProcess.Web\src\components\dashboard\SelectionBreadcrumb.tsx","33"
"YES","/dashboard","SelectionBreadcrumb","StandardButton","Show widgets","HAS HANDLER","showAllWidgets","Frontend\PlantProcess.Web\src\components\dashboard\SelectionBreadcrumb.tsx","43"
"YES","/dashboard","SelectionBreadcrumb","StandardButton","(no label)","HAS HANDLER","() => { resetLayout(); resetGridLayout();","Frontend\PlantProcess.Web\src\components\dashboard\SelectionBreadcrumb.tsx","51"
"YES","/dashboard/widgets/schema-drift","P3T15WidgetSchemaDriftPage","StandardButton","Create heatmap widget from builder contract","HAS HANDLER","() => setCreated(true)","Frontend\PlantProcess.Web\src\pages\Dashboard\P3T15WidgetSchemaDriftPage.tsx","69"
"YES","/dashboard/widgets/schema-drift","P3T15WidgetSchemaDriftPage","StandardButton","Reset widget preview","HAS HANDLER","() => setCreated(false)","Frontend\PlantProcess.Web\src\pages\Dashboard\P3T15WidgetSchemaDriftPage.tsx","72"
"YES","/dashboard/widgets/schema-drift","P3T15WidgetSchemaDriftPage","StandardP2Input","Caster, Mill, Mon...","HAS HANDLER","(event) => setSearch(event.target.value)","Frontend\PlantProcess.Web\src\pages\Dashboard\P3T15WidgetSchemaDriftPage.tsx","116"
"YES","/dashboard/widgets/schema-drift","P3T15WidgetSchemaDriftPage","StandardP2Input","(no label)","HAS HANDLER","(event) => setMinValue(Number(event.target.value))","Frontend\PlantProcess.Web\src\pages\Dashboard\P3T15WidgetSchemaDriftPage.tsx","126"
"YES","/dashboard/widgets/schema-drift","P3T15WidgetSchemaDriftPage","StandardP2Select","(no label)","HAS HANDLER","(event) => setSortBy(event.target.value as HeatmapFilterSortState[""sortBy""])","Frontend\PlantProcess.Web\src\pages\Dashboard\P3T15WidgetSchemaDriftPage.tsx","139"
"YES","/dashboard/widgets/schema-drift","P3T15WidgetSchemaDriftPage","StandardP2Select","(no label)","HAS HANDLER","(event) => setDirection(event.target.value as HeatmapFilterSortState[""direction""])","Frontend\PlantProcess.Web\src\pages\Dashboard\P3T15WidgetSchemaDriftPage.tsx","152"
"YES","/data-integration/prepare","SourceImportPrepPage","StandardP2Select","Connected source","HAS HANDLER","(e) => { setProfileId(e.target.value); if (e.target.value) loadTables(e.target.value);","Frontend\PlantProcess.Web\src\pages\SourceImportPrepPage.tsx","154"
"YES","/data-integration/prepare","SourceImportPrepPage","StandardP2Input","),","HAS HANDLER","() => toggle(selectedColumns, c.columnName, setSelectedColumns)","Frontend\PlantProcess.Web\src\pages\SourceImportPrepPage.tsx","223"
"YES","/data-integration/prepare","SourceImportPrepPage","StandardP2Input","),","HAS HANDLER","() => toggle(primaryKeys, c.columnName, setPrimaryKeys)","Frontend\PlantProcess.Web\src\pages\SourceImportPrepPage.tsx","247"
"YES","/data-integration/prepare","SourceImportPrepPage","StandardP2Input","),","HAS HANDLER","() => setWatermark(c.columnName)","Frontend\PlantProcess.Web\src\pages\SourceImportPrepPage.tsx","259"
"YES","/data-integration/prepare","SourceImportPrepPage","StandardP2Input","Optional row filter","HAS HANDLER","(e) => setRowFilter(e.target.value)","Frontend\PlantProcess.Web\src\pages\SourceImportPrepPage.tsx","275"
"YES","/investigate/analysis-jobs","AnalysisJobConfigPage","input","e.g. Defect drivers last 30 days","HAS HANDLER","(e) => setName(e.target.value)","Frontend\PlantProcess.Web\src\pages\AnalysisJobConfigPage.tsx","326"
"YES","/investigate/analysis-jobs","AnalysisJobConfigPage","input","e.g. DEFECT_DRIVERS_30D","HAS HANDLER","(e) => setCode(e.target.value.toUpperCase())","Frontend\PlantProcess.Web\src\pages\AnalysisJobConfigPage.tsx","329"
"YES","/investigate/analysis-jobs","AnalysisJobConfigPage","select","(no label)","HAS HANDLER","(e) => setDefectType(e.target.value)","Frontend\PlantProcess.Web\src\pages\AnalysisJobConfigPage.tsx","337"
"YES","/investigate/analysis-jobs","AnalysisJobConfigPage","select","(no label)","HAS HANDLER","(e) => setParameterCode(e.target.value)","Frontend\PlantProcess.Web\src\pages\AnalysisJobConfigPage.tsx","347"
"YES","/investigate/analysis-jobs","AnalysisJobConfigPage","input","(no label)","HAS HANDLER","(e) => setWindowDays(Number(e.target.value))","Frontend\PlantProcess.Web\src\pages\AnalysisJobConfigPage.tsx","357"
"YES","/investigate/analysis-jobs","AnalysisJobConfigPage","select","(no label)","HAS HANDLER","(e) => setEngineOutcomeKey(e.target.value)","Frontend\PlantProcess.Web\src\pages\AnalysisJobConfigPage.tsx","367"
"YES","/investigate/analysis-jobs","AnalysisJobConfigPage","select","(no label)","HAS HANDLER","(e) => setEngineJobCode(e.target.value)","Frontend\PlantProcess.Web\src\pages\AnalysisJobConfigPage.tsx","376"
"YES","/investigate/analysis-jobs","AnalysisJobConfigPage","input","(no label)","HAS HANDLER","(e) => setDescription(e.target.value)","Frontend\PlantProcess.Web\src\pages\AnalysisJobConfigPage.tsx","385"
"YES","/investigate/analysis-jobs","AnalysisJobConfigPage","input","key (e.g. grade)","HAS HANDLER","(e) => { const next = filters.slice(); next[i] = { k: e.target.value, v: next[i].v","Frontend\PlantProcess.Web\src\pages\AnalysisJobConfigPage.tsx","395"
"YES","/investigate/analysis-jobs","AnalysisJobConfigPage","input","value (e.g. S355J2)","HAS HANDLER","(e) => { const next = filters.slice(); next[i] = { k: next[i].k, v: e.target.value","Frontend\PlantProcess.Web\src\pages\AnalysisJobConfigPage.tsx","404"
"YES","/investigate/inspect","InspectionJobsPage","StandardP2Input","(no label)","HAS HANDLER","(e) => setName(e.target.value)","Frontend\PlantProcess.Web\src\pages\Analytics\InspectionJobsPage.tsx","54"
"YES","/investigate/inspect","InspectionJobsPage","StandardP2Input","(no label)","HAS HANDLER","(e) => setDefectType(e.target.value)","Frontend\PlantProcess.Web\src\pages\Analytics\InspectionJobsPage.tsx","55"
"YES","/investigate/inspect","InspectionJobsPage","StandardP2Input","e.g. casting_speed","HAS HANDLER","(e) => setParameterCode(e.target.value)","Frontend\PlantProcess.Web\src\pages\Analytics\InspectionJobsPage.tsx","56"
"YES","/investigate/inspect","InspectionJobsPage","StandardP2Input","(no label)","HAS HANDLER","(e) => setWindowDays(Number(e.target.value))","Frontend\PlantProcess.Web\src\pages\Analytics\InspectionJobsPage.tsx","57"
"YES","/investigate/inspect","InspectionJobsPage","StandardP2Input","(no label)","HAS HANDLER","(e) => setSchedule(e.target.value)","Frontend\PlantProcess.Web\src\pages\Analytics\InspectionJobsPage.tsx","58"
"YES","/investigate/inspect","InspectionJobsPage","StandardButton","Run now","HAS HANDLER","() => void save(true)","Frontend\PlantProcess.Web\src\pages\Analytics\InspectionJobsPage.tsx","61"
"YES","/investigate/inspect","InspectionJobsPage","StandardButton","Save &amp; schedule","HAS HANDLER","() => void save(false)","Frontend\PlantProcess.Web\src\pages\Analytics\InspectionJobsPage.tsx","62"
"YES","/investigate/inspect","InspectionJobsPage","StandardButton","Run","HAS HANDLER","() => void inspectionWorkflowApi.runJobNow(j.id).then(() => setReloadKey((k) => k + 1))","Frontend\PlantProcess.Web\src\pages\Analytics\InspectionJobsPage.tsx","77"
"YES","/investigate/inspect","InspectionJobsPage","StandardButton","(no label)","HAS HANDLER","() => void (j.isEnabled ? inspectionWorkflowApi.disableJob(j.id) : inspectionWorkflowApi.enableJob(j.id)).then(() => setReloadKey((k) => k + 1))","Frontend\PlantProcess.Web\src\pages\Analytics\InspectionJobsPage.tsx","78"
"YES","/investigate/inspect","InspectionJobsPage","StandardButton","Open analysis","HAS HANDLER","() => navigate(`/investigate/advanced?outcomeKey=${encodeURIComponent(`defect.${j.defectType ?? ""edge_crack""","Frontend\PlantProcess.Web\src\pages\Analytics\InspectionJobsPage.tsx","79"
"YES","/materials/:materialUnitId","MaterialInvestigationPage","StandardButton","(no label)","HAS HANDLER","refreshAll","Frontend\PlantProcess.Web\src\pages\MaterialInvestigation\MaterialInvestigationPage.tsx","264"
"YES","/materials/:materialUnitId","MaterialInvestigationPage","StandardButton","(no label)","HAS HANDLER","() => setActiveTab(tab.key)","Frontend\PlantProcess.Web\src\pages\MaterialInvestigation\MaterialInvestigationPage.tsx","281"
"YES","/materials/:materialUnitId","MaterialInvestigationPage","StandardButton","(no label)","HAS HANDLER","loadBusinessKeys","Frontend\PlantProcess.Web\src\pages\MaterialInvestigation\MaterialInvestigationPage.tsx","322"
"YES","/materials/:materialUnitId","MaterialInvestigationPage","StandardButton","(no label)","HAS HANDLER","runMappingLifecycle","Frontend\PlantProcess.Web\src\pages\MaterialInvestigation\MaterialInvestigationPage.tsx","338"
"YES","/materials/:materialUnitId","MaterialInvestigationPage","form","(no label)","HAS HANDLER","resolveSql","Frontend\PlantProcess.Web\src\pages\MaterialInvestigation\MaterialInvestigationPage.tsx","356"
"YES","/materials/:materialUnitId","MaterialInvestigationPage","StandardP2TextArea","(no label)","HAS HANDLER","(event) => setSqlText(event.target.value)","Frontend\PlantProcess.Web\src\pages\MaterialInvestigation\MaterialInvestigationPage.tsx","357"
"YES","/materials/:materialUnitId","MaterialInvestigationPage","StandardButton","(no label)","HAS HANDLER","loadGenealogy","Frontend\PlantProcess.Web\src\pages\MaterialInvestigation\MaterialInvestigationPage.tsx","379"
"YES","/materials/:materialUnitId","MaterialInvestigationPage","StandardButton","(no label)","HAS HANDLER","runMappingLifecycle","Frontend\PlantProcess.Web\src\pages\MaterialInvestigation\MaterialInvestigationPage.tsx","395"
"YES","/materials/:materialUnitId","MaterialInvestigationPage","form","(no label)","HAS HANDLER","investigateMaterial","Frontend\PlantProcess.Web\src\pages\MaterialInvestigation\MaterialInvestigationPage.tsx","413"
"YES","/materials/:materialUnitId","MaterialInvestigationPage","StandardP2Input","Enter a material key","HAS HANDLER","(event) => setMaterialKey(event.target.value)","Frontend\PlantProcess.Web\src\pages\MaterialInvestigation\MaterialInvestigationPage.tsx","414"
"YES","/prep/canvas","VisualJoinCanvasPage","StandardP2Button","(no label)","HAS HANDLER","() => addDataset(d)","Frontend\PlantProcess.Web\src\pages\Prep\VisualJoinCanvasPage.tsx","88"
"YES","/prep/canvas","VisualJoinCanvasPage","StandardP2Input","Definition name","HAS HANDLER","(e) => setName(e.target.value)","Frontend\PlantProcess.Web\src\pages\Prep\VisualJoinCanvasPage.tsx","103"
"YES","/prep/canvas","VisualJoinCanvasPage","StandardP2Button","Preview (dry-run)","HAS HANDLER","doPreview","Frontend\PlantProcess.Web\src\pages\Prep\VisualJoinCanvasPage.tsx","106"
"YES","/prep/canvas","VisualJoinCanvasPage","StandardP2Button","Publish version","HAS HANDLER","doPublish","Frontend\PlantProcess.Web\src\pages\Prep\VisualJoinCanvasPage.tsx","107"
"YES","/supervisor","SupervisorReportPage","StandardButton","Run review now","HAS HANDLER","onRun","Frontend\PlantProcess.Web\src\pages\DataIntegration\SupervisorReportPage.tsx","79"
"no","/advisory/value-realization","StandardP2Controls","button",");","NO HANDLER","","Frontend\PlantProcess.Web\src\components\standard\StandardP2Controls.tsx","26"
"no","/advisory/value-realization","StandardP2Controls","input",");","NO HANDLER","","Frontend\PlantProcess.Web\src\components\standard\StandardP2Controls.tsx","41"
"no","/advisory/value-realization","StandardP2Controls","select",");","NO HANDLER","","Frontend\PlantProcess.Web\src\components\standard\StandardP2Controls.tsx","53"
"no","/advisory/value-realization","StandardP2Controls","textarea",");","NO HANDLER","","Frontend\PlantProcess.Web\src\components\standard\StandardP2Controls.tsx","65"
"no","/correlations","MaterialAnalyticsPages","StandardButton","Export PDF","NO HANDLER","","Frontend\PlantProcess.Web\src\pages\MaterialAnalytics\MaterialAnalyticsPages.tsx","490"
"no","/correlations","MaterialAnalyticsPages","StandardButton","Run","NO HANDLER","","Frontend\PlantProcess.Web\src\pages\MaterialAnalytics\MaterialAnalyticsPages.tsx","839"
"no","/correlations","MaterialAnalyticsPages","StandardButton","Download report","NO HANDLER","","Frontend\PlantProcess.Web\src\pages\MaterialAnalytics\MaterialAnalyticsPages.tsx","847"
"no","/correlations","MaterialAnalyticsPages","StandardButton","Run","NO HANDLER","","Frontend\PlantProcess.Web\src\pages\MaterialAnalytics\MaterialAnalyticsPages.tsx","901"
"no","/correlations","MaterialAnalyticsPages","StandardButton","Preview SQL","NO HANDLER","","Frontend\PlantProcess.Web\src\pages\MaterialAnalytics\MaterialAnalyticsPages.tsx","927"
"no","/correlations","MaterialAnalyticsPages","StandardButton","Save view","NO HANDLER","","Frontend\PlantProcess.Web\src\pages\MaterialAnalytics\MaterialAnalyticsPages.tsx","928"
"no","/correlations","MaterialAnalyticsPages","StandardButton","Save KPI","NO HANDLER","","Frontend\PlantProcess.Web\src\pages\MaterialAnalytics\MaterialAnalyticsPages.tsx","940"
"no","/correlations","MaterialAnalyticsPages","StandardButton","Engineer brief","NO HANDLER","","Frontend\PlantProcess.Web\src\pages\MaterialAnalytics\MaterialAnalyticsPages.tsx","973"
"no","(unreachable)","ActiveFilterChips","StandardButton","Remove filter","UNMOUNTED","() => clearFilter(key)","Frontend\PlantProcess.Web\src\components\ActiveFilterChips.tsx","49"
"no","(unreachable)","App","StandardButton","Retry connection","UNMOUNTED","retryBootstrap","Frontend\PlantProcess.Web\src\App.tsx","428"
"no","(unreachable)","AppLayout","StandardButton","(no label)","UNMOUNTED","() => setOpen((o) => !o)","Frontend\PlantProcess.Web\src\components\AppLayout.tsx","200"
"no","(unreachable)","AppLayout","StandardButton","(no label)","UNMOUNTED","toggleTheme","Frontend\PlantProcess.Web\src\components\AppLayout.tsx","306"
"no","(unreachable)","AppLayout","StandardButton","Logout","UNMOUNTED","logout","Frontend\PlantProcess.Web\src\components\AppLayout.tsx","338"
"no","(unreachable)","BidirectionalThread","StandardButton","(no label)","UNMOUNTED","() => { setActive(n.id); onNodeClick?.(n);","Frontend\PlantProcess.Web\src\components\analytics\BidirectionalThread.tsx","53"
"no","(unreachable)","BrandProofPanel","anchor","Engineer brief","UNMOUNTED","href:/brand/plantprocess-iq-engineer-brief.html","Frontend\PlantProcess.Web\src\components\brand\BrandProofPanel.tsx","53"
"no","(unreachable)","BrandProofPanel","anchor","Architecture diagram","UNMOUNTED","href:/brand/plantprocess-iq-architecture.svg","Frontend\PlantProcess.Web\src\components\brand\BrandProofPanel.tsx","57"
"no","(unreachable)","BrandProofSection","anchor","Open diagram","UNMOUNTED","href:/brand/plantprocess-iq-architecture.svg","Frontend\PlantProcess.Web\src\components\BrandProofSection.tsx","44"
"no","(unreachable)","BrandProofSection","anchor","Open brief","UNMOUNTED","href:/brand/plantprocess-iq-engineer-brief.html","Frontend\PlantProcess.Web\src\components\BrandProofSection.tsx","53"
"no","(unreachable)","CostAssumptionManagementPage","StandardP2Input","(no label)","UNMOUNTED","(event) => onChange({ ...value, [key]: Number(event.target.value)","Frontend\PlantProcess.Web\src\pages\ValueEvidence\CostAssumptionManagementPage.tsx","66"
"no","(unreachable)","CostAssumptionManagementPage","StandardP2Select","(no label)","UNMOUNTED","(event) => setLocaleCode(event.target.value as V5LocaleCode)","Frontend\PlantProcess.Web\src\pages\ValueEvidence\CostAssumptionManagementPage.tsx","159"
"no","(unreachable)","CostAssumptionManagementPage","StandardP2Input","(no label)","UNMOUNTED","(event) => setForm({ ...form, currency: event.target.value","Frontend\PlantProcess.Web\src\pages\ValueEvidence\CostAssumptionManagementPage.tsx","174"
"no","(unreachable)","CostAssumptionManagementPage","StandardButton","(no label)","UNMOUNTED","save.save","Frontend\PlantProcess.Web\src\pages\ValueEvidence\CostAssumptionManagementPage.tsx","211"
"no","(unreachable)","DemoAnalyticsPages.implementation","StandardButton","Refresh Truth","UNMOUNTED","truth.reload","Frontend\PlantProcess.Web\src\pages\PlatformOps\DemoAnalyticsPages.implementation.tsx","146"
"no","(unreachable)","DemoAnalyticsPages.implementation","StandardButton","Open","UNMOUNTED","() => navigate(row.targetRoute)","Frontend\PlantProcess.Web\src\pages\PlatformOps\DemoAnalyticsPages.implementation.tsx","189"
"no","(unreachable)","DemoAnalyticsPages.implementation","StandardButton","Refresh","UNMOUNTED","suggestions.reload","Frontend\PlantProcess.Web\src\pages\PlatformOps\DemoAnalyticsPages.implementation.tsx","204"
"no","(unreachable)","DemoAnalyticsPages.implementation","StandardButton","Refresh Page","UNMOUNTED","page.reload","Frontend\PlantProcess.Web\src\pages\PlatformOps\DemoAnalyticsPages.implementation.tsx","235"
"no","(unreachable)","DemoAnalyticsPages.implementation","StandardButton","Validate Expression","UNMOUNTED","","Frontend\PlantProcess.Web\src\pages\PlatformOps\DemoAnalyticsPages.implementation.tsx","265"
"no","(unreachable)","EdgeCollectorManagementPage","StandardButton","Rotate credential","UNMOUNTED","","Frontend\PlantProcess.Web\src\pages\Acquisition\EdgeCollectorManagementPage.tsx","89"
"no","(unreachable)","ErrorBoundary","button","(no label)","UNMOUNTED","this.reset","Frontend\PlantProcess.Web\src\components\standard\ErrorBoundary.tsx","132"
"no","(unreachable)","EvidencePanel","StandardButton","View method inputs","UNMOUNTED","() => onOpenProvenance?.(evidence.provenance.handleId)","Frontend\PlantProcess.Web\src\components\analytics\EvidencePanel.tsx","57"
"no","(unreachable)","GenealogyThreadPanel","StandardButton","(no label)","UNMOUNTED","() => load(pending)","Frontend\PlantProcess.Web\src\components\materials\GenealogyThreadPanel.tsx","117"
"no","(unreachable)","GenealogyThreadPanel","StandardButton","(no label)","UNMOUNTED","calculateRisk","Frontend\PlantProcess.Web\src\components\materials\GenealogyThreadPanel.tsx","120"
"no","(unreachable)","GenealogyThreadPanel","StandardButton","PDF Report","UNMOUNTED","openPdf","Frontend\PlantProcess.Web\src\components\materials\GenealogyThreadPanel.tsx","124"
"no","(unreachable)","GenealogyThreadPanel","StandardP2Input","Enter a material code","UNMOUNTED","(e) => setPending(e.target.value)","Frontend\PlantProcess.Web\src\components\materials\GenealogyThreadPanel.tsx","134"
"no","(unreachable)","GenealogyThreadPanel","StandardButton","Retry","UNMOUNTED","() => load(materialKey)","Frontend\PlantProcess.Web\src\components\materials\GenealogyThreadPanel.tsx","148"
"no","(unreachable)","JobsMonitorTable","StandardButton","(no label)","UNMOUNTED","() => rerun(row.id)","Frontend\PlantProcess.Web\src\components\ops\JobsMonitorTable.tsx","55"
"no","(unreachable)","LogPanel","StandardButton","(no label)","UNMOUNTED","() => setOpen((v) => !v)","Frontend\PlantProcess.Web\src\components\logging\LogPanel.tsx","101"
"no","(unreachable)","LogPanel","StandardButton","Job events","UNMOUNTED","() => setSource(""job"")","Frontend\PlantProcess.Web\src\components\logging\LogPanel.tsx","114"
"no","(unreachable)","LogPanel","StandardButton","System log","UNMOUNTED","() => setSource(""system"")","Frontend\PlantProcess.Web\src\components\logging\LogPanel.tsx","121"
"no","(unreachable)","LogPanel","input","Filter by word...","UNMOUNTED","(e) => setSearch(e.target.value)","Frontend\PlantProcess.Web\src\components\logging\LogPanel.tsx","130"
"no","(unreachable)","LogPanel","select","Job type","UNMOUNTED","(e) => setJobType(e.target.value)","Frontend\PlantProcess.Web\src\components\logging\LogPanel.tsx","140"
"no","(unreachable)","LogPanel","select","Severity","UNMOUNTED","(e) => setSeverity(e.target.value)","Frontend\PlantProcess.Web\src\components\logging\LogPanel.tsx","149"
"no","(unreachable)","LogPanel","input","Day","UNMOUNTED","(e) => setDay(e.target.value)","Frontend\PlantProcess.Web\src\components\logging\LogPanel.tsx","157"
"no","(unreachable)","LogPanel","input",") : null}","UNMOUNTED","(e) => setHour(e.target.value)","Frontend\PlantProcess.Web\src\components\logging\LogPanel.tsx","160"
"no","(unreachable)","LogPanel","StandardButton","Refresh","UNMOUNTED","load","Frontend\PlantProcess.Web\src\components\logging\LogPanel.tsx","172"
"no","(unreachable)","Phase7ValueScenarioPage","StandardButton","(no label)","UNMOUNTED","runScenario","Frontend\PlantProcess.Web\src\pages\Phase7ValueScenario\Phase7ValueScenarioPage.tsx","136"
"no","(unreachable)","Phase7ValueScenarioPage","StandardButton","Record tracked value","UNMOUNTED","recordTrackedValue","Frontend\PlantProcess.Web\src\pages\Phase7ValueScenario\Phase7ValueScenarioPage.tsx","139"
"no","(unreachable)","ProductBrand","anchor","PlantProcess IQ dashboard","UNMOUNTED","href:/dashboard","Frontend\PlantProcess.Web\src\components\brand\ProductBrand.tsx","15"
"no","(unreachable)","SOUBrand","anchor","SOU PlantProcess IQ home","UNMOUNTED","href:/","Frontend\PlantProcess.Web\src\components\brand\SOUBrand.tsx","15"
"no","(unreachable)","standard-components.implementation","button","(no label)","UNMOUNTED","","Frontend\PlantProcess.Web\src\ui\standard-components.implementation.tsx","57"
"no","(unreachable)","standard-components.implementation","button","(no label)","UNMOUNTED","() => onChange(item.id)","Frontend\PlantProcess.Web\src\ui\standard-components.implementation.tsx","275"
"no","(unreachable)","standard-components.implementation","input",")}","UNMOUNTED","","Frontend\PlantProcess.Web\src\ui\standard-components.implementation.tsx","344"
"no","(unreachable)","standard-components.implementation","select","(no label)","UNMOUNTED","","Frontend\PlantProcess.Web\src\ui\standard-components.implementation.tsx","378"
"no","(unreachable)","standard-components.implementation","textarea",")}","UNMOUNTED","","Frontend\PlantProcess.Web\src\ui\standard-components.implementation.tsx","411"
"no","(unreachable)","standard-components.implementation","StandardButton","Close modal","UNMOUNTED","onClose","Frontend\PlantProcess.Web\src\ui\standard-components.implementation.tsx","458"
"no","(unreachable)","standard-components.implementation","StandardButton","Dismiss notification","UNMOUNTED","() => dismiss(message.id)","Frontend\PlantProcess.Web\src\ui\standard-components.implementation.tsx","512"
"no","(unreachable)","StandardDataTable","button","(no label)","UNMOUNTED","() => handleSort(column)","Frontend\PlantProcess.Web\src\components\standard\StandardDataTable.tsx","180"
"no","(unreachable)","StandardTable.implementation","StandardButton","Retry","UNMOUNTED","onRetry","Frontend\PlantProcess.Web\src\components\standard\StandardTable.implementation.tsx","224"
"no","(unreachable)","StandardTable.implementation","StandardButton","Export CSV","UNMOUNTED","() => downloadCsv( ""plantprocess-table-export.csv"", visibleColumns.map((column) => String(column.header))","Frontend\PlantProcess.Web\src\components\standard\StandardTable.implementation.tsx","322"
"no","(unreachable)","StandardTable.implementation","button","(no label)","UNMOUNTED","(event) => toggleSort(column, event.shiftKey)","Frontend\PlantProcess.Web\src\components\standard\StandardTable.implementation.tsx","364"
"no","(unreachable)","StandardTable.implementation","input","(no label)","UNMOUNTED","() => toggleRow(key)","Frontend\PlantProcess.Web\src\components\standard\StandardTable.implementation.tsx","396"
"no","(unreachable)","StandardTable.implementation","StandardButton","Previous","UNMOUNTED","() => { const next = Math.max(0, pageIndex - 1); setPageIndex(next); emitQuery({ pageIndex: next","Frontend\PlantProcess.Web\src\components\standard\StandardTable.implementation.tsx","440"
"no","(unreachable)","StandardTable.implementation","StandardButton","Next","UNMOUNTED","() => { const next = Math.min(pageCount - 1, pageIndex + 1); setPageIndex(next); emitQuery({ pageIndex: next","Frontend\PlantProcess.Web\src\components\standard\StandardTable.implementation.tsx","464"
"no","(unreachable)","StandardTabs","anchor","(no label)","UNMOUNTED","item.href","Frontend\PlantProcess.Web\src\components\standard\StandardTabs.tsx","192"
"no","(unreachable)","StandardTabs","button","(no label)","UNMOUNTED","() => activate(item.id)","Frontend\PlantProcess.Web\src\components\standard\StandardTabs.tsx","221"
"no","(unreachable)","StateRenderer","StandardButton","(no label)","UNMOUNTED","onRetry","Frontend\PlantProcess.Web\src\components\StateRenderer.tsx","85"
"no","(unreachable)","StateRenderer","StandardButton","(no label)","UNMOUNTED","onRetry","Frontend\PlantProcess.Web\src\components\StateRenderer.tsx","112"
"no","(unreachable)","SuggestionCardsPanel","StandardButton","Evidence","UNMOUNTED","() => setDrawer(c)","Frontend\PlantProcess.Web\src\components\suggestions\SuggestionCardsPanel.tsx","75"
"no","(unreachable)","SuggestionCardsPanel","StandardButton","Acknowledge","UNMOUNTED","() => onAct?.(c.id, ""assign"")","Frontend\PlantProcess.Web\src\components\suggestions\SuggestionCardsPanel.tsx","76"
"no","(unreachable)","SuggestionCardsPanel","StandardButton","Accept","UNMOUNTED","() => isManager && onAct?.(c.id, ""accept"")","Frontend\PlantProcess.Web\src\components\suggestions\SuggestionCardsPanel.tsx","77"
"no","(unreachable)","SuggestionCardsPanel","StandardButton","Reject","UNMOUNTED","() => isManager && onAct?.(c.id, ""reject"")","Frontend\PlantProcess.Web\src\components\suggestions\SuggestionCardsPanel.tsx","86"
"no","(unreachable)","SuggestionCardsPanel","StandardButton","Close","UNMOUNTED","() => setDrawer(null)","Frontend\PlantProcess.Web\src\components\suggestions\SuggestionCardsPanel.tsx","96"
"no","(unreachable)","SuggestionCardsPanel","StandardButton","Open","UNMOUNTED","() => onOpenEvidence?.(h)","Frontend\PlantProcess.Web\src\components\suggestions\SuggestionCardsPanel.tsx","103"
"no","(unreachable)","V5ConnectorsIdentityPage","StandardButton","Register mock historian + backfill","UNMOUNTED","registerMockConnector","Frontend\PlantProcess.Web\src\pages\V5ConnectorsIdentityPage.tsx","128"
"no","(unreachable)","V5ConnectorsIdentityPage","StandardButton","Enroll TOTP MFA","UNMOUNTED","enrollMfa","Frontend\PlantProcess.Web\src\pages\V5ConnectorsIdentityPage.tsx","135"
"no","(unreachable)","V5NoCodeMapperPage","StandardButton","Run read-only demo discovery","UNMOUNTED","runDemoDiscovery","Frontend\PlantProcess.Web\src\pages\V5NoCodeMapperPage.tsx","120"
"no","(unreachable)","V5OutboundI18nMobilePage","StandardP2Select","(no label)","UNMOUNTED","(event) => setLocaleCode(event.target.value as V5LocaleCode)","Frontend\PlantProcess.Web\src\pages\V5OutboundI18nMobilePage.tsx","141"
"no","(unreachable)","V5OutboundI18nMobilePage","StandardButton","(no label)","UNMOUNTED","captureDemoLead","Frontend\PlantProcess.Web\src\pages\V5OutboundI18nMobilePage.tsx","177"
"no","(unreachable)","V5OutboundI18nMobilePage","StandardButton","(no label)","UNMOUNTED","sendHighSeverityNotification","Frontend\PlantProcess.Web\src\pages\V5OutboundI18nMobilePage.tsx","181"
"no","(unreachable)","V5SsoLicensingPage","StandardButton","Run mock SSO login","UNMOUNTED","runMockSsoLogin","Frontend\PlantProcess.Web\src\pages\V5SsoLicensingPage.tsx","138"
"no","(unreachable)","V5SsoLicensingPage","StandardButton","Create + activate signed license","UNMOUNTED","createAndActivateLicense","Frontend\PlantProcess.Web\src\pages\V5SsoLicensingPage.tsx","145"
"no","(unreachable)","ValueImpactCard","StandardButton","(no label)","UNMOUNTED","() => setOpen(open === t.name ? null : t.name)","Frontend\PlantProcess.Web\src\components\value\ValueImpactCard.tsx","69"
"no","(unreachable)","ValueImpactCard","StandardButton","source finding (","UNMOUNTED","() => onOpenEvidence?.(t.handle as ProvenanceHandleRef)","Frontend\PlantProcess.Web\src\components\value\ValueImpactCard.tsx","86"
"no","(unreachable)","ValueRangePanel","StandardButton","(no label)","UNMOUNTED","() => setOpenTerm(open ? null : term.key)","Frontend\PlantProcess.Web\src\components\exec\ValueRangePanel.tsx","58"
"no","(unreachable)","WidgetBuilderWizardContent.data-steps","StandardButton","(no label)","UNMOUNTED","() => onSelect(purpose.code)","Frontend\PlantProcess.Web\src\components\dashboard\widget-builder\content\WidgetBuilderWizardContent.data-steps.tsx","52"
"no","(unreachable)","WidgetBuilderWizardContent.data-steps","StandardButton","(no label)","UNMOUNTED","() => onSelect(chartType.code)","Frontend\PlantProcess.Web\src\components\dashboard\widget-builder\content\WidgetBuilderWizardContent.data-steps.tsx","86"
"no","(unreachable)","WidgetBuilderWizardContent.data-steps","StandardP2Input","Example: Defect rate by equipment","UNMOUNTED","(event) => onPatch({ widgetTitle: event.target.value","Frontend\PlantProcess.Web\src\components\dashboard\widget-builder\content\WidgetBuilderWizardContent.data-steps.tsx","136"
"no","(unreachable)","WidgetBuilderWizardContent.data-steps","StandardP2Select","(no label)","UNMOUNTED","(event) => onPatch({ widgetType: event.target.value","Frontend\PlantProcess.Web\src\components\dashboard\widget-builder\content\WidgetBuilderWizardContent.data-steps.tsx","145"
"no","(unreachable)","WidgetBuilderWizardContent.data-steps","StandardP2Select","(no label)","UNMOUNTED","(event) => onPatch({ dimensionCode: event.target.value || undefined","Frontend\PlantProcess.Web\src\components\dashboard\widget-builder\content\WidgetBuilderWizardContent.data-steps.tsx","157"
"no","(unreachable)","WidgetBuilderWizardContent.data-steps","StandardP2Select","(no label)","UNMOUNTED","(event) => onPatch({ measureCode: event.target.value || undefined","Frontend\PlantProcess.Web\src\components\dashboard\widget-builder\content\WidgetBuilderWizardContent.data-steps.tsx","174"
"no","(unreachable)","WidgetBuilderWizardContent.data-steps","StandardP2Select","(no label)","UNMOUNTED","(event) => onPatch({ parameterCode: event.target.value || undefined","Frontend\PlantProcess.Web\src\components\dashboard\widget-builder\content\WidgetBuilderWizardContent.data-steps.tsx","192"
"no","(unreachable)","WidgetBuilderWizardContent.data-steps","StandardP2Input","(no label)","UNMOUNTED","(event) => onPatch({ maxRows: Number(event.target.value)","Frontend\PlantProcess.Web\src\components\dashboard\widget-builder\content\WidgetBuilderWizardContent.data-steps.tsx","210"
"no","(unreachable)","WidgetBuilderWizardContent.data-steps","StandardP2Input","(no label)","UNMOUNTED","(event) => onPatch({ rawRowLimit: Number(event.target.value)","Frontend\PlantProcess.Web\src\components\dashboard\widget-builder\content\WidgetBuilderWizardContent.data-steps.tsx","221"
"no","(unreachable)","WidgetBuilderWizardContent.filter-step","StandardP2Select","(no label)","UNMOUNTED","(event) => onPatchFilters({ siteId: event.target.value || null","Frontend\PlantProcess.Web\src\components\dashboard\widget-builder\content\WidgetBuilderWizardContent.filter-step.tsx","54"
"no","(unreachable)","WidgetBuilderWizardContent.filter-step","StandardP2Select","(no label)","UNMOUNTED","(event) => onPatchFilters({ areaId: event.target.value || null","Frontend\PlantProcess.Web\src\components\dashboard\widget-builder\content\WidgetBuilderWizardContent.filter-step.tsx","71"
"no","(unreachable)","WidgetBuilderWizardContent.filter-step","StandardP2Select","(no label)","UNMOUNTED","(event) => onPatchFilters({ equipmentId: event.target.value || null","Frontend\PlantProcess.Web\src\components\dashboard\widget-builder\content\WidgetBuilderWizardContent.filter-step.tsx","88"
"no","(unreachable)","WidgetBuilderWizardContent.filter-step","StandardP2Input","Example: Coil, Batch, Slab, Roll","UNMOUNTED","(event) => onPatchFilters({ materialUnitType: event.target.value || null","Frontend\PlantProcess.Web\src\components\dashboard\widget-builder\content\WidgetBuilderWizardContent.filter-step.tsx","105"
"no","(unreachable)","WidgetBuilderWizardContent.filter-step","StandardP2Select","(no label)","UNMOUNTED","(event) => onPatchFilters({ defectType: event.target.value || null","Frontend\PlantProcess.Web\src\components\dashboard\widget-builder\content\WidgetBuilderWizardContent.filter-step.tsx","116"
"no","(unreachable)","WidgetBuilderWizardContent.filter-step","StandardP2Select","(no label)","UNMOUNTED","(event) => onPatchFilters({ riskClass: event.target.value || null","Frontend\PlantProcess.Web\src\components\dashboard\widget-builder\content\WidgetBuilderWizardContent.filter-step.tsx","133"
"no","(unreachable)","WidgetBuilderWizardContent.filter-step","StandardP2Select","(no label)","UNMOUNTED","(event) => onPatchFilters({ sourceSystem: event.target.value || null","Frontend\PlantProcess.Web\src\components\dashboard\widget-builder\content\WidgetBuilderWizardContent.filter-step.tsx","150"
"no","(unreachable)","WidgetBuilderWizardContent.filter-step","StandardP2Select","(no label)","UNMOUNTED","(event) => onPatchFilters({ shiftCode: event.target.value || null","Frontend\PlantProcess.Web\src\components\dashboard\widget-builder\content\WidgetBuilderWizardContent.filter-step.tsx","167"
"no","(unreachable)","WidgetBuilderWizardContent.filter-step","StandardP2Select","(no label)","UNMOUNTED","(event) => onPatch({ dateMode: event.target.value as WidgetBuilderState[""dateMode""],","Frontend\PlantProcess.Web\src\components\dashboard\widget-builder\content\WidgetBuilderWizardContent.filter-step.tsx","184"
"no","(unreachable)","WidgetBuilderWizardContent.filter-step","StandardP2Input","(no label)","UNMOUNTED","(event) => onPatch({ relativeDateValue: Number(event.target.value)","Frontend\PlantProcess.Web\src\components\dashboard\widget-builder\content\WidgetBuilderWizardContent.filter-step.tsx","202"
"no","(unreachable)","WidgetBuilderWizardContent.filter-step","StandardP2Select","(no label)","UNMOUNTED","(event) => onPatch({ relativeDateUnit: event.target.value as RelativeDateUnit,","Frontend\PlantProcess.Web\src\components\dashboard\widget-builder\content\WidgetBuilderWizardContent.filter-step.tsx","214"
"no","(unreachable)","WidgetBuilderWizardContent.filter-step","StandardP2Input","(no label)","UNMOUNTED","(event) => onPatchFilters({ fromUtc: fromInputDateTime(event.target.value),","Frontend\PlantProcess.Web\src\components\dashboard\widget-builder\content\WidgetBuilderWizardContent.filter-step.tsx","234"
"no","(unreachable)","WidgetBuilderWizardContent.filter-step","StandardP2Input","(no label)","UNMOUNTED","(event) => onPatchFilters({ toUtc: fromInputDateTime(event.target.value),","Frontend\PlantProcess.Web\src\components\dashboard\widget-builder\content\WidgetBuilderWizardContent.filter-step.tsx","247"
"no","(unreachable)","WidgetBuilderWizardContent.preview-steps","StandardButton","Use standard query only","UNMOUNTED","onDisableExpression","Frontend\PlantProcess.Web\src\components\dashboard\widget-builder\content\WidgetBuilderWizardContent.preview-steps.tsx","83"
"no","(unreachable)","WidgetBuilderWizardContent.preview-steps","StandardButton","(no label)","UNMOUNTED","onPreview","Frontend\PlantProcess.Web\src\components\dashboard\widget-builder\content\WidgetBuilderWizardContent.preview-steps.tsx","152"
"no","(unreachable)","WidgetBuilderWizardContent.view","StandardButton","(no label)","UNMOUNTED","onClose","Frontend\PlantProcess.Web\src\components\dashboard\widget-builder\content\WidgetBuilderWizardContent.view.tsx","83"
"no","(unreachable)","WidgetBuilderWizardContent.view","StandardButton","(no label)","UNMOUNTED","() => setStep(item)","Frontend\PlantProcess.Web\src\components\dashboard\widget-builder\content\WidgetBuilderWizardContent.view.tsx","90"
"no","(unreachable)","WidgetBuilderWizardContent.view","StandardButton","(no label)","UNMOUNTED","goBack","Frontend\PlantProcess.Web\src\components\dashboard\widget-builder\content\WidgetBuilderWizardContent.view.tsx","256"
"no","(unreachable)","WidgetBuilderWizardContent.view","StandardButton","(no label)","UNMOUNTED","runPreview","Frontend\PlantProcess.Web\src\components\dashboard\widget-builder\content\WidgetBuilderWizardContent.view.tsx","269"
"no","(unreachable)","WidgetBuilderWizardContent.view","StandardButton","(no label)","UNMOUNTED","saveWidget","Frontend\PlantProcess.Web\src\components\dashboard\widget-builder\content\WidgetBuilderWizardContent.view.tsx","279"
"no","(unreachable)","WidgetBuilderWizardContent.view","StandardButton","Next","UNMOUNTED","goNext","Frontend\PlantProcess.Web\src\components\dashboard\widget-builder\content\WidgetBuilderWizardContent.view.tsx","294"
"no","(unreachable)","WidgetScriptBuilderPanel","StandardButton","(no label)","UNMOUNTED","() => setShowSql((s) => !s)","Frontend\PlantProcess.Web\src\components\dashboard\widget-builder\WidgetScriptBuilderPanel.tsx","79"
"no","(unreachable)","WidgetScriptBuilderPanel","StandardButton","(no label)","UNMOUNTED","onValidate","Frontend\PlantProcess.Web\src\components\dashboard\widget-builder\WidgetScriptBuilderPanel.tsx","82"
"no","(unreachable)","WidgetScriptBuilderPanel","StandardButton","(no label)","UNMOUNTED","onPreview","Frontend\PlantProcess.Web\src\components\dashboard\widget-builder\WidgetScriptBuilderPanel.tsx","85"
"no","(unreachable)","WidgetScriptBuilderPanel","StandardButton","(no label)","UNMOUNTED","onPublishClick","Frontend\PlantProcess.Web\src\components\dashboard\widget-builder\WidgetScriptBuilderPanel.tsx","88"
"no","(unreachable)","WidgetScriptBuilderPanel","StandardP2TextArea",") : (","UNMOUNTED","(e) => { setScript(e.target.value); setValidated(false); setPublished(false);","Frontend\PlantProcess.Web\src\components\dashboard\widget-builder\WidgetScriptBuilderPanel.tsx","96"
"no","(unreachable)","WidgetScriptStep","StandardButton","(no label)","UNMOUNTED","() => void runPreview()","Frontend\PlantProcess.Web\src\components\dashboard\widget-builder\WidgetScriptStep.tsx","91"
"no","(unreachable)","WidgetScriptStep","StandardButton","(no label)","UNMOUNTED","() => { setExpression(template.expression); setPreview(null); setError(null);","Frontend\PlantProcess.Web\src\components\dashboard\widget-builder\WidgetScriptStep.tsx","103"
"no","(unreachable)","WidgetScriptStep","StandardP2TextArea","(no label)","UNMOUNTED","(event) => { setExpression(event.target.value); setPreview(null); setError(null);","Frontend\PlantProcess.Web\src\components\dashboard\widget-builder\WidgetScriptStep.tsx","119"
"no","/advisory/benchmarking","BenchmarkingPage","StandardButton","Refresh benchmark","HAS HANDLER","() => void refresh()","Frontend\PlantProcess.Web\src\pages\Advisory\BenchmarkingPage.tsx","101"
"no","/advisory/benchmarking","BenchmarkingPage","StandardButton","Preview suppression behaviour","HAS HANDLER","() => void loadSuppressedDemo()","Frontend\PlantProcess.Web\src\pages\Advisory\BenchmarkingPage.tsx","102"
"no","/advisory/honesty-certification","HonestyCertificationPage","StandardButton","Run honesty certification","HAS HANDLER","() => void runCertification()","Frontend\PlantProcess.Web\src\pages\Advisory\HonestyCertificationPage.tsx","72"
"no","/advisory/recommendations","RecommendationsPage","StandardButton","Generate recommendation","HAS HANDLER","generate","Frontend\PlantProcess.Web\src\pages\Advisory\RecommendationsPage.tsx","141"
"no","/advisory/recommendations","RecommendationsPage","StandardButton","Load sample request","HAS HANDLER","() => void refresh()","Frontend\PlantProcess.Web\src\pages\Advisory\RecommendationsPage.tsx","142"
"no","/advisory/recommendations","RecommendationsPage","StandardButton","Approve for review","HAS HANDLER","() => void decide(recommendation, 1)","Frontend\PlantProcess.Web\src\pages\Advisory\RecommendationsPage.tsx","177"
"no","/advisory/recommendations","RecommendationsPage","StandardButton","Dismiss","HAS HANDLER","() => void decide(recommendation, 2)","Frontend\PlantProcess.Web\src\pages\Advisory\RecommendationsPage.tsx","178"
"no","/advisory/scenario-simulation","ScenarioSimulationPage","StandardP2Input","(no label)","HAS HANDLER","(event) => setRequest({ ...request, scenarioName: event.target.value","Frontend\PlantProcess.Web\src\pages\Advisory\ScenarioSimulationPage.tsx","146"
"no","/advisory/scenario-simulation","ScenarioSimulationPage","StandardP2Input","(no label)","HAS HANDLER","(event) => setRequest({ ...request, seed: Number(event.target.value)","Frontend\PlantProcess.Web\src\pages\Advisory\ScenarioSimulationPage.tsx","147"
"no","/advisory/scenario-simulation","ScenarioSimulationPage","StandardP2Input","(no label)","HAS HANDLER","(event) => updateProposedValue(index, event.target.value)","Frontend\PlantProcess.Web\src\pages\Advisory\ScenarioSimulationPage.tsx","153"
"no","/advisory/scenario-simulation","ScenarioSimulationPage","StandardButton","Run what-if simulation","HAS HANDLER","simulate","Frontend\PlantProcess.Web\src\pages\Advisory\ScenarioSimulationPage.tsx","158"
"no","/advisory/scenario-simulation","ScenarioSimulationPage","StandardButton","Test an out-of-envelope value","HAS HANDLER","makeOutOfEnvelope","Frontend\PlantProcess.Web\src\pages\Advisory\ScenarioSimulationPage.tsx","159"
"no","/advisory/scenario-simulation","ScenarioSimulationPage","StandardButton","Reload sample","HAS HANDLER","() => void refresh()","Frontend\PlantProcess.Web\src\pages\Advisory\ScenarioSimulationPage.tsx","160"
"no","/advisory/value-realization","ValueRealizationPage","StandardP2Input","(no label)","HAS HANDLER","(event) => updateActualValue(event.target.value)","Frontend\PlantProcess.Web\src\pages\Advisory\ValueRealizationPage.tsx","98"
"no","/advisory/value-realization","ValueRealizationPage","StandardButton","Calculate realized value","HAS HANDLER","calculate","Frontend\PlantProcess.Web\src\pages\Advisory\ValueRealizationPage.tsx","100"
"no","/advisory/value-realization","ValueRealizationPage","StandardButton","Load sample request","HAS HANDLER","() => void refresh()","Frontend\PlantProcess.Web\src\pages\Advisory\ValueRealizationPage.tsx","101"
"no","/commercial/license","LicenseUsagePanel","StandardButton","Retry","HAS HANDLER","() => void refresh()","Frontend\PlantProcess.Web\src\components\license\LicenseUsagePanel.tsx","32"
"no","/correlations","MaterialAnalyticsPages","StandardButton","(no label)","HAS HANDLER","() => onDrilldown?.(row)","Frontend\PlantProcess.Web\src\pages\MaterialAnalytics\MaterialAnalyticsPages.tsx","302"
"no","/correlations","MaterialAnalyticsPages","StandardButton","Refresh dashboard","HAS HANDLER","workspace.reload","Frontend\PlantProcess.Web\src\pages\MaterialAnalytics\MaterialAnalyticsPages.tsx","369"
"no","/correlations","MaterialAnalyticsPages","StandardButton","Search","HAS HANDLER","materials.reload","Frontend\PlantProcess.Web\src\pages\MaterialAnalytics\MaterialAnalyticsPages.tsx","487"
"no","/correlations","MaterialAnalyticsPages","StandardButton","Save Investigation","HAS HANDLER","() => setSaveOpen(true)","Frontend\PlantProcess.Web\src\pages\MaterialAnalytics\MaterialAnalyticsPages.tsx","488"
"no","/correlations","MaterialAnalyticsPages","StandardButton","Share","HAS HANDLER","() => void navigator.clipboard?.writeText(window.location.href)","Frontend\PlantProcess.Web\src\pages\MaterialAnalytics\MaterialAnalyticsPages.tsx","489"
"no","/correlations","MaterialAnalyticsPages","StandardButton","Calculate Risk","HAS HANDLER","() => selectedMaterialId && productApi.calculateRisk(selectedMaterialId)","Frontend\PlantProcess.Web\src\pages\MaterialAnalytics\MaterialAnalyticsPages.tsx","520"
"no","/correlations","MaterialAnalyticsPages","StandardButton","Cancel","HAS HANDLER","() => setSaveOpen(false)","Frontend\PlantProcess.Web\src\pages\MaterialAnalytics\MaterialAnalyticsPages.tsx","542"
"no","/correlations","MaterialAnalyticsPages","StandardButton","Save view","HAS HANDLER","() => setSaveOpen(false)","Frontend\PlantProcess.Web\src\pages\MaterialAnalytics\MaterialAnalyticsPages.tsx","543"
"no","/correlations","MaterialAnalyticsPages","StandardButton","(no label)","HAS HANDLER","() => setRiskClass(item)","Frontend\PlantProcess.Web\src\pages\MaterialAnalytics\MaterialAnalyticsPages.tsx","575"
"no","/correlations","MaterialAnalyticsPages","StandardButton","Refresh","HAS HANDLER","risk.reload","Frontend\PlantProcess.Web\src\pages\MaterialAnalytics\MaterialAnalyticsPages.tsx","579"
"no","/correlations","MaterialAnalyticsPages","StandardButton","Refresh findings","HAS HANDLER","dataQuality.reload","Frontend\PlantProcess.Web\src\pages\MaterialAnalytics\MaterialAnalyticsPages.tsx","638"
"no","/correlations","MaterialAnalyticsPages","StandardButton","Run correlation","HAS HANDLER","correlation.reload","Frontend\PlantProcess.Web\src\pages\MaterialAnalytics\MaterialAnalyticsPages.tsx","717"
"no","/correlations","MaterialAnalyticsPages","StandardButton","Run training gate check","HAS HANDLER","ensureJobs","Frontend\PlantProcess.Web\src\pages\MaterialAnalytics\MaterialAnalyticsPages.tsx","796"
"no","/correlations","MaterialAnalyticsPages","StandardButton","(no label)","HAS HANDLER","() => setTier(item)","Frontend\PlantProcess.Web\src\pages\MaterialAnalytics\MaterialAnalyticsPages.tsx","853"
"no","/correlations","MaterialAnalyticsPages","StandardButton","Refresh admin","HAS HANDLER","admin.reload","Frontend\PlantProcess.Web\src\pages\MaterialAnalytics\MaterialAnalyticsPages.tsx","951"
"no","/correlations","SaveInspectionJobModal","StandardButton","Cancel","HAS HANDLER","onClose","Frontend\PlantProcess.Web\src\components\inspection\SaveInspectionJobModal.tsx","71"
"no","/correlations","SaveInspectionJobModal","StandardButton","Save Investigation","HAS HANDLER","submit","Frontend\PlantProcess.Web\src\components\inspection\SaveInspectionJobModal.tsx","72"
"no","/correlations","SaveInspectionJobModal","StandardP2Input","(no label)","HAS HANDLER","(event) => setNotifyOnChange(event.target.checked)","Frontend\PlantProcess.Web\src\components\inspection\SaveInspectionJobModal.tsx","91"
"no","/edge-collector","EdgeCollectorPage","StandardP2Input","(no label)","HAS HANDLER","(event) => setCollectorId(event.target.value)","Frontend\PlantProcess.Web\src\pages\EdgeCollector\EdgeCollectorPage.tsx","200"
"no","/edge-collector","EdgeCollectorPage","StandardP2Input","(no label)","HAS HANDLER","(event) => setDisplayName(event.target.value)","Frontend\PlantProcess.Web\src\pages\EdgeCollector\EdgeCollectorPage.tsx","201"
"no","/edge-collector","EdgeCollectorPage","StandardP2Input","(no label)","HAS HANDLER","(event) => setSiteName(event.target.value)","Frontend\PlantProcess.Web\src\pages\EdgeCollector\EdgeCollectorPage.tsx","202"
"no","/edge-collector","EdgeCollectorPage","StandardP2Input","(no label)","HAS HANDLER","(event) => setNetworkZone(event.target.value)","Frontend\PlantProcess.Web\src\pages\EdgeCollector\EdgeCollectorPage.tsx","203"
"no","/edge-collector","EdgeCollectorPage","StandardButton","Register collector","HAS HANDLER","registerCollector","Frontend\PlantProcess.Web\src\pages\EdgeCollector\EdgeCollectorPage.tsx","206"
"no","/edge-collector","EdgeCollectorPage","StandardButton","Send heartbeat","HAS HANDLER","sendHeartbeat","Frontend\PlantProcess.Web\src\pages\EdgeCollector\EdgeCollectorPage.tsx","207"
"no","/edge-collector","EdgeCollectorPage","StandardButton","Update queue status","HAS HANDLER","sendQueueStatus","Frontend\PlantProcess.Web\src\pages\EdgeCollector\EdgeCollectorPage.tsx","208"
"no","/edge-collector","EdgeCollectorPage","StandardButton","Push sample batch","HAS HANDLER","pushSampleBatch","Frontend\PlantProcess.Web\src\pages\EdgeCollector\EdgeCollectorPage.tsx","209"
"no","/edge-collector","EdgeCollectorPage","StandardButton","Refresh status","HAS HANDLER","() => void refresh()","Frontend\PlantProcess.Web\src\pages\EdgeCollector\EdgeCollectorPage.tsx","210"
"no","/historian-connector","HistorianConnectorPage","StandardP2Input","(no label)","HAS HANDLER","(event) => setEndpointUrl(event.target.value)","Frontend\PlantProcess.Web\src\pages\HistorianConnector\HistorianConnectorPage.tsx","194"
"no","/historian-connector","HistorianConnectorPage","StandardP2Input","(no label)","HAS HANDLER","(event) => setNamespaceUri(event.target.value)","Frontend\PlantProcess.Web\src\pages\HistorianConnector\HistorianConnectorPage.tsx","198"
"no","/historian-connector","HistorianConnectorPage","StandardP2Input","(no label)","HAS HANDLER","(event) => setPathPrefix(event.target.value)","Frontend\PlantProcess.Web\src\pages\HistorianConnector\HistorianConnectorPage.tsx","202"
"no","/historian-connector","HistorianConnectorPage","StandardButton","Test connection","HAS HANDLER","testConnection","Frontend\PlantProcess.Web\src\pages\HistorianConnector\HistorianConnectorPage.tsx","206"
"no","/historian-connector","HistorianConnectorPage","StandardButton","Browse tags","HAS HANDLER","browseTags","Frontend\PlantProcess.Web\src\pages\HistorianConnector\HistorianConnectorPage.tsx","207"
"no","/historian-connector","HistorianConnectorPage","StandardButton","Read sample window","HAS HANDLER","readWindow","Frontend\PlantProcess.Web\src\pages\HistorianConnector\HistorianConnectorPage.tsx","208"
"no","/historian-connector","HistorianConnectorPage","StandardButton","Create mapping hints","HAS HANDLER","createMappingHints","Frontend\PlantProcess.Web\src\pages\HistorianConnector\HistorianConnectorPage.tsx","209"
"no","/historian-connector","HistorianConnectorPage","StandardP2Input","(no label)","HAS HANDLER","() => setSelectedTags((current) => toggle(current, tag.tagPath))","Frontend\PlantProcess.Web\src\pages\HistorianConnector\HistorianConnectorPage.tsx","224"
"no","/i18n-rtl","I18nRtlReadinessPage","StandardButton","(no label)","HAS HANDLER","() => setLocale(""en"")","Frontend\PlantProcess.Web\src\pages\I18nRtlReadinessPage.tsx","27"
"no","/i18n-rtl","I18nRtlReadinessPage","StandardButton","(no label)","HAS HANDLER","() => setLocale(""ar"")","Frontend\PlantProcess.Web\src\pages\I18nRtlReadinessPage.tsx","28"
"no","/page-builder","ConflictDialog","input","I understand this will replace","HAS HANDLER","(e) => setConfirmOverwrite(e.target.checked)","Frontend\PlantProcess.Web\src\components\conflict\ConflictDialog.tsx","37"
"no","/page-builder","ConflictDialog","StandardButton","Cancel","HAS HANDLER","onCancel","Frontend\PlantProcess.Web\src\components\conflict\ConflictDialog.tsx","47"
"no","/page-builder","ConflictDialog","StandardButton","Reload latest","HAS HANDLER","onReload","Frontend\PlantProcess.Web\src\components\conflict\ConflictDialog.tsx","50"
"no","/page-builder","ConflictDialog","StandardButton","Overwrite anyway","HAS HANDLER","onOverwrite","Frontend\PlantProcess.Web\src\components\conflict\ConflictDialog.tsx","53"
"no","/page-builder","PageBuilderPage.implementation","StandardButton","Save page definition","HAS HANDLER","savePageDefinition","Frontend\PlantProcess.Web\src\pages\PageBuilder\PageBuilderPage.implementation.tsx","191"
"no","/page-builder","PageBuilderPage.implementation","StandardButton","Load by slug","HAS HANDLER","loadPageDefinition","Frontend\PlantProcess.Web\src\pages\PageBuilder\PageBuilderPage.implementation.tsx","195"
"no","/page-builder","PageBuilderPage.implementation","StandardButton","Delete owned page","HAS HANDLER","deletePageDefinition","Frontend\PlantProcess.Web\src\pages\PageBuilder\PageBuilderPage.implementation.tsx","199"
"no","/page-builder","PageBuilderPage.implementation","StandardButton","Add","HAS HANDLER","() => dispatch({ type: ""addWidget"", kind: item.kind, title: item.title,","Frontend\PlantProcess.Web\src\pages\PageBuilder\PageBuilderPage.implementation.tsx","260"
"no","/page-builder","PageBuilderPage.implementation","StandardButton","Move right","HAS HANDLER","() => dispatch({ type: ""moveWidget"", id: widget.id, x: widget.x + 1,","Frontend\PlantProcess.Web\src\pages\PageBuilder\PageBuilderPage.implementation.tsx","304"
"no","/page-builder","PageBuilderPage.implementation","StandardButton","Resize wider","HAS HANDLER","() => dispatch({ type: ""resizeWidget"", id: widget.id, w: widget.w + 1,","Frontend\PlantProcess.Web\src\pages\PageBuilder\PageBuilderPage.implementation.tsx","318"
"no","/page-builder","PageBuilderPage.implementation","StandardButton","Remove","HAS HANDLER","() => dispatch({ type: ""removeWidget"", id: widget.id,","Frontend\PlantProcess.Web\src\pages\PageBuilder\PageBuilderPage.implementation.tsx","332"
"no","/page-builder","StandardFields","StandardButton","Clear search","HAS HANDLER","() => { const synthetic = { target: { value: """"","Frontend\PlantProcess.Web\src\components\standard\StandardFields.tsx","122"
"no","/page-builder","StandardFields","input",")}","HAS HANDLER","(event) => onChange?.(event.target.value, event)","Frontend\PlantProcess.Web\src\components\standard\StandardFields.tsx","139"
"no","/page-builder","StandardFields","textarea",")}","HAS HANDLER","(event) => onChange?.(event.target.value, event)","Frontend\PlantProcess.Web\src\components\standard\StandardFields.tsx","203"
"no","/page-builder","StandardFields","button","(no label)","HAS HANDLER","() => setOpen((current) => !current)","Frontend\PlantProcess.Web\src\components\standard\StandardFields.tsx","301"
"no","/page-builder","StandardFields","input",") : null}","HAS HANDLER","(event) => setQuery(event.target.value)","Frontend\PlantProcess.Web\src\components\standard\StandardFields.tsx","340"
"no","/page-builder","StandardSurface","StandardButton","Close modal","HAS HANDLER","onClose","Frontend\PlantProcess.Web\src\components\standard\StandardSurface.tsx","179"
"no","/page-builder","StandardSurface","StandardButton","Dismiss notification","HAS HANDLER","() => dismiss(message.id)","Frontend\PlantProcess.Web\src\components\standard\StandardSurface.tsx","261"
"no","/suggestions","SuggestionRecommendationPage","StandardP2Input","(no label)","HAS HANDLER","(event) => setRequest({ ...request, outcomeKey: event.target.value","Frontend\PlantProcess.Web\src\pages\Phase8\SuggestionRecommendationPage.tsx","110"
"no","/suggestions","SuggestionRecommendationPage","StandardP2Input","(no label)","HAS HANDLER","(event) => setRequest({ ...request, materialScope: event.target.value","Frontend\PlantProcess.Web\src\pages\Phase8\SuggestionRecommendationPage.tsx","114"
"no","/suggestions","SuggestionRecommendationPage","StandardP2Input","(no label)","HAS HANDLER","(event) => setRequest({ ...request, minimumConfidence: Number(event.target.value)","Frontend\PlantProcess.Web\src\pages\Phase8\SuggestionRecommendationPage.tsx","118"
"no","/suggestions","SuggestionRecommendationPage","StandardP2Input","Include projected euro value range","HAS HANDLER","(event) => setRequest({ ...request, includeValueProjection: event.target.checked","Frontend\PlantProcess.Web\src\pages\Phase8\SuggestionRecommendationPage.tsx","121"
"no","/suggestions","SuggestionRecommendationPage","StandardButton","(no label)","HAS HANDLER","() => void generate()","Frontend\PlantProcess.Web\src\pages\Phase8\SuggestionRecommendationPage.tsx","124"
"no","/suggestions","SuggestionRecommendationPage","StandardButton","Approve for review","HAS HANDLER","() => void decide(item, ""approve"")","Frontend\PlantProcess.Web\src\pages\Phase8\SuggestionRecommendationPage.tsx","165"
"no","/suggestions","SuggestionRecommendationPage","StandardButton","Dismiss","HAS HANDLER","() => void decide(item, ""dismiss"")","Frontend\PlantProcess.Web\src\pages\Phase8\SuggestionRecommendationPage.tsx","166"
"no","/value/executive","ValueExecutiveDashboardPage","StandardButton","(no label)","HAS HANDLER","runDashboard","Frontend\PlantProcess.Web\src\pages\ValueExecutive\ValueExecutiveDashboardPage.tsx","88"
"no","/value/executive","ValueExecutiveDashboardPage","StandardButton","Prove ABSTAIN on missing assumptions","HAS HANDLER","runAbstain","Frontend\PlantProcess.Web\src\pages\ValueExecutive\ValueExecutiveDashboardPage.tsx","91"
"no","/value/executive","ValueExecutiveDashboardPage","StandardButton","Open monthly value report PDF","HAS HANDLER","printReport","Frontend\PlantProcess.Web\src\pages\ValueExecutive\ValueExecutiveDashboardPage.tsx","94"
"no","/value/executive","ValueExecutiveDashboardPage","StandardP2Input","(no label)","HAS HANDLER","(event) => setMonthlyLicenseCost(Number(event.target.value))","Frontend\PlantProcess.Web\src\pages\ValueExecutive\ValueExecutiveDashboardPage.tsx","145"
