"File","Line","Text"
"\Backend\PlantProcess.Api\Endpoints\Admin\GenericSchemaMappingEndpoints.cs","436","return Results.NotFound(new { message = $""Canonical schema view '{viewCode}' was not found or is inactive."" });"
"\Backend\PlantProcess.Api\Endpoints\Analytics\KpiEvaluationEndpoints.cs","25","return Results.BadRequest(new { error = ""no_tenant"", message = ""No tenant_id claim on the caller."" });"
"\Backend\PlantProcess.Api\Endpoints\Analytics\KpiEvaluationEndpoints.cs","33","return Results.Json(new { error = outcome.ErrorCode.ToString(), message = outcome.ErrorMessage, kpiCode }, statusCode: status);"
"\Backend\PlantProcess.Api\Endpoints\Analytics\KpiEvaluationEndpoints.cs","68","if (!await r.ReadAsync(ct)) return Results.NotFound(new { kpiCode, message = ""No active target for this tenant."" });"
"\Backend\PlantProcess.Api\Endpoints\Analytics\KpiEvaluationEndpoints.cs","86","return Results.BadRequest(new { error = ""invalid_direction"", supported = new[] { ""AboveTargetIsBad"", ""BelowTargetIsBad"" } });"
"\Backend\PlantProcess.Api\Endpoints\Analytics\RiskEvidenceEndpoints.cs","26","return Results.NotFound(new { message = $""Risk score '{id}' was not found."" });"
"\Backend\PlantProcess.Api\Endpoints\Analytics\RiskEvidenceEndpoints.cs","32","return Results.NotFound(new { message = ""Risk score evidence cannot be resolved."", reason = resolution.Reason });"
"\Backend\PlantProcess.Api\Endpoints\Analytics\SimpleAnalysisEndpoints.cs","30","return Results.BadRequest(new { error = ""unknown_primitive"", primitive = req.Primitive, supported = KnownPrimitives });"
"\Backend\PlantProcess.Api\Endpoints\Analytics\SimpleAnalysisEndpoints.cs","34","return Results.BadRequest(new { error = ""unknown_dataset"", datasetKey = req.DatasetKey });"
"\Backend\PlantProcess.Api\Endpoints\Analytics\SuggestionEndpoints.cs","36","return decision.Allowed ? Results.Ok(new { id, status = status.ToString() }) : Results.Json(new { error = ""transition_denied"", reason = decision.Reason }, statusCode: StatusCodes.Status403Forbidden);"
