task,file,line,page,implementation,labelText,intendedAction,currentStyle,wiredHandler,context,standardStatus,migrationCandidate
PPIQ-T009,src/App.tsx,1065,Unknown,StandardButton,Retry connection,secondary,inline-style,retryBootstrap,Unknown,excluded,no
PPIQ-T009,src/components/ActiveFilterChips.tsx,50,Component:ActiveFilterChips.tsx,StandardButton,Remove filter,destructive,className,() => clearFilter(key),Component:ActiveFilterChips.tsx,standard,no
PPIQ-T009,src/components/analytics/AdvancedResultPanel.tsx,96,Component:analytics,StandardButton,onOpenEvidence?.(result.evidenceHandle as ProvenanceHandleRef)} > View evidence ( ),action,not-detected,() => onOpenEvidence?.(result.evidenceHandle as ProvenanceHandleRef),Component:analytics,standard,no
PPIQ-T009,src/components/analytics/BidirectionalThread.tsx,53,Component:analytics,StandardButton,"setActive(n.id)} onMouseLeave= onClick= } style= `, borderRadius: 8, padding: ""8px 10px"", color: T.white, width: ""100%"",",secondary,inline-style,() => { setActive(n.id); onNodeClick?.(n);,Component:analytics,standard,no
PPIQ-T009,src/components/analytics/EvidencePanel.tsx,57,Component:analytics,StandardButton,onOpenProvenance?.(evidence.provenance.handleId)} > View method inputs,action,not-detected,() => onOpenProvenance?.(evidence.provenance.handleId),Component:analytics,standard,no
PPIQ-T009,src/components/AppLayout.tsx,183,Component:AppLayout.tsx,StandardButton,"`Switch to ${isDark ? ""light"" : ""dark""",action,className,toggleTheme,Component:AppLayout.tsx,standard,no
PPIQ-T009,src/components/AppLayout.tsx,214,Component:AppLayout.tsx,StandardButton,Logout,action,className,logout,Component:AppLayout.tsx,standard,no
PPIQ-T009,src/components/assistant/AssistantChat.tsx,54,Component:assistant,StandardButton,onAsk?.(s)}>,action,not-detected,() => onAsk?.(s),Component:assistant,standard,no
PPIQ-T009,src/components/assistant/AssistantChat.tsx,64,Component:assistant,StandardButton,}}>Ask,action,not-detected,"() => { if (text.trim()) { onAsk?.(text.trim()); setText("""");",Component:assistant,standard,no
PPIQ-T009,src/components/assistant/AssistantChat.tsx,85,Component:assistant,StandardButton,onOpenEvidence?.(h)}> Source: ( ),action,not-detected,() => onOpenEvidence?.(h),Component:assistant,standard,no
PPIQ-T009,src/components/brand/AppCommandHeader.tsx,58,Component:brand,StandardButton,UNLABELLED,display-or-dead-review,className,null,Component:brand,standard,no
PPIQ-T009,src/components/brand/AppCommandHeader.tsx,71,Component:brand,StandardButton,UNLABELLED,display-or-dead-review,className,null,Component:brand,standard,no
PPIQ-T009,src/components/brand/BrandProofPanel.tsx,53,Component:brand,native <a>,Engineer brief,navigation,not-detected,/brand/plantprocess-iq-engineer-brief.html,Component:brand,anchor,no
PPIQ-T009,src/components/brand/BrandProofPanel.tsx,57,Component:brand,native <a>,Architecture diagram,navigation,not-detected,/brand/plantprocess-iq-architecture.svg,Component:brand,anchor,no
PPIQ-T009,src/components/brand/ProductBrand.tsx,15,Component:brand,native <a>,PlantProcess IQ dashboard,navigation,className,/dashboard,Component:brand,anchor,no
PPIQ-T009,src/components/brand/SOUBrand.tsx,15,Component:brand,native <a>,SOU PlantProcess IQ home,navigation,className,/,Component:brand,anchor,no
PPIQ-T009,src/components/BrandProofSection.tsx,44,Component:BrandProofSection.tsx,native <a>,Open diagram,navigation,not-detected,/brand/plantprocess-iq-architecture.svg,Component:BrandProofSection.tsx,anchor,no
PPIQ-T009,src/components/BrandProofSection.tsx,53,Component:BrandProofSection.tsx,native <a>,Open brief,navigation,not-detected,/brand/plantprocess-iq-engineer-brief.html,Component:BrandProofSection.tsx,anchor,no
PPIQ-T009,src/components/charts/InteractiveCharts.tsx,409,Component:charts,StandardButton,`${x,action,className,() => selectCell(row),Component:charts,standard,no
PPIQ-T009,src/components/conflict/ConflictDialog.tsx,47,Component:conflict,StandardButton,Cancel,secondary,not-detected,onCancel,Component:conflict,standard,no
PPIQ-T009,src/components/conflict/ConflictDialog.tsx,50,Component:conflict,StandardButton,Reload latest,action,not-detected,onReload,Component:conflict,standard,no
PPIQ-T009,src/components/conflict/ConflictDialog.tsx,53,Component:conflict,StandardButton,Overwrite anyway,destructive,not-detected,onOverwrite,Component:conflict,standard,no
PPIQ-T009,src/components/dashboard/DashboardWidgetCard.tsx,180,Component:dashboard,StandardButton,`Switch to ${ct,action,className,"() => setWidgetChartType(widgetId, ct)",Component:dashboard,standard,no
PPIQ-T009,src/components/dashboard/DashboardWidgetCard.tsx,194,Component:dashboard,StandardButton,Half-row width,action,className,"() =>
              activeChartType === ""table""
                ? compactWidget(String(widgetId))
                : expandWidgetToHalfRow(String(widgetId))",Component:dashboard,standard,no
PPIQ-T009,src/components/dashboard/DashboardWidgetCard.tsx,209,Component:dashboard,StandardButton,Full-row width,action,className,() => expandWidgetToFullRow(String(widgetId)),Component:dashboard,standard,no
PPIQ-T009,src/components/dashboard/DashboardWidgetCard.tsx,220,Component:dashboard,StandardButton,Compact size,action,className,() => compactWidget(String(widgetId)),Component:dashboard,standard,no
PPIQ-T009,src/components/dashboard/DashboardWidgetCard.tsx,231,Component:dashboard,StandardButton,Export CSV,export,className,exportCsv,Component:dashboard,standard,no
PPIQ-T009,src/components/dashboard/DashboardWidgetCard.tsx,243,Component:dashboard,StandardButton,"isCollapsed ? ""Expand widget"" : ""Collapse widget""",action,className,() => setIsCollapsed((v) => !v),Component:dashboard,standard,no
PPIQ-T009,src/components/dashboard/DashboardWidgetCard.tsx,254,Component:dashboard,StandardButton,"isFullscreen ? ""Exit fullscreen"" : ""Fullscreen""",action,className,() => setIsFullscreen((v) => !v),Component:dashboard,standard,no
PPIQ-T009,src/components/dashboard/DashboardWidgetCard.tsx,267,Component:dashboard,StandardButton,Widget actions,action,className,() => setIsActionMenuOpen((v) => !v),Component:dashboard,standard,no
PPIQ-T009,src/components/dashboard/DashboardWidgetCard.tsx,281,Component:dashboard,StandardButton,execute(onRename)}> Rename,action,not-detected,() => execute(onRename),Component:dashboard,standard,no
PPIQ-T009,src/components/dashboard/DashboardWidgetCard.tsx,288,Component:dashboard,StandardButton,execute(onEdit)}> Edit widget,action,not-detected,() => execute(onEdit),Component:dashboard,standard,no
PPIQ-T009,src/components/dashboard/DashboardWidgetCard.tsx,295,Component:dashboard,StandardButton,execute(onClone)}> Duplicate,action,not-detected,() => execute(onClone),Component:dashboard,standard,no
PPIQ-T009,src/components/dashboard/DashboardWidgetCard.tsx,302,Component:dashboard,StandardButton,execute(onHide)}> Hide,action,not-detected,() => execute(onHide),Component:dashboard,standard,no
PPIQ-T009,src/components/dashboard/DashboardWidgetCard.tsx,309,Component:dashboard,StandardButton,"execute(async () => "" from this dashboard?` ); if (!confirmed) return; await onRemove?.(); }) } > Remove",destructive,className,"() =>
                        execute(async () => {
                          const confirmed = window.confirm(
                            `Remove widget ""${title",Component:dashboard,standard,no
PPIQ-T009,src/components/dashboard/DrilldownDrawer.tsx,21,Component:dashboard,StandardButton,UNLABELLED,secondary,className,closeDrilldown,Component:dashboard,standard,no
PPIQ-T009,src/components/dashboard/SelectionBreadcrumb.tsx,23,Component:dashboard,StandardButton,Undo,action,className,undoSelection,Component:dashboard,standard,no
PPIQ-T009,src/components/dashboard/SelectionBreadcrumb.tsx,33,Component:dashboard,StandardButton,Clear visual selections,action,className,clearSelections,Component:dashboard,standard,no
PPIQ-T009,src/components/dashboard/SelectionBreadcrumb.tsx,43,Component:dashboard,StandardButton,Show widgets,action,className,showAllWidgets,Component:dashboard,standard,no
PPIQ-T009,src/components/dashboard/SelectionBreadcrumb.tsx,47,Component:dashboard,StandardButton,Reset layout,action,className,resetLayout,Component:dashboard,standard,no
PPIQ-T009,src/components/dashboard/SelectionBreadcrumb.tsx,52,Component:dashboard,StandardButton,Reset grid,action,className,resetGridLayout,Component:dashboard,standard,no
PPIQ-T009,src/components/dashboard/widget-builder/content/WidgetBuilderWizardContent.data-steps.tsx,52,Component:dashboard,StandardButton,"onSelect(purpose.code)} type=""button"" >",action,className,() => onSelect(purpose.code),Component:dashboard,standard,no
PPIQ-T009,src/components/dashboard/widget-builder/content/WidgetBuilderWizardContent.data-steps.tsx,86,Component:dashboard,StandardButton,"onSelect(chartType.code)} type=""button"" >",action,className,() => onSelect(chartType.code),Component:dashboard,standard,no
PPIQ-T009,src/components/dashboard/widget-builder/content/WidgetBuilderWizardContent.preview-steps.tsx,83,Component:dashboard,StandardButton,Use standard query only,action,className,onDisableExpression,Component:dashboard,standard,no
PPIQ-T009,src/components/dashboard/widget-builder/content/WidgetBuilderWizardContent.preview-steps.tsx,152,Component:dashboard,StandardButton,UNLABELLED,primary,className,onPreview,Component:dashboard,standard,no
PPIQ-T009,src/components/dashboard/widget-builder/content/WidgetBuilderWizardContent.view.tsx,83,Component:dashboard,StandardButton,UNLABELLED,secondary,className,onClose,Component:dashboard,standard,no
PPIQ-T009,src/components/dashboard/widget-builder/content/WidgetBuilderWizardContent.view.tsx,90,Component:dashboard,StandardButton,setStep(item)} isDisabled= >,action,className,() => setStep(item),Component:dashboard,standard,no
PPIQ-T009,src/components/dashboard/widget-builder/content/WidgetBuilderWizardContent.view.tsx,256,Component:dashboard,StandardButton,Back,secondary,className,goBack,Component:dashboard,standard,no
PPIQ-T009,src/components/dashboard/widget-builder/content/WidgetBuilderWizardContent.view.tsx,269,Component:dashboard,StandardButton,UNLABELLED,primary,className,runPreview,Component:dashboard,standard,no
PPIQ-T009,src/components/dashboard/widget-builder/content/WidgetBuilderWizardContent.view.tsx,279,Component:dashboard,StandardButton,"0} type=""button"" >",primary,className,saveWidget,Component:dashboard,standard,no
PPIQ-T009,src/components/dashboard/widget-builder/content/WidgetBuilderWizardContent.view.tsx,294,Component:dashboard,StandardButton,Next,action,className,goNext,Component:dashboard,standard,no
PPIQ-T009,src/components/dashboard/widget-builder/WidgetScriptBuilderPanel.tsx,79,Component:dashboard,StandardButton,setShowSql((s) => !s)}>,action,not-detected,() => setShowSql((s) => !s),Component:dashboard,standard,no
PPIQ-T009,src/components/dashboard/widget-builder/WidgetScriptBuilderPanel.tsx,82,Component:dashboard,StandardButton,UNLABELLED,action,not-detected,onValidate,Component:dashboard,standard,no
PPIQ-T009,src/components/dashboard/widget-builder/WidgetScriptBuilderPanel.tsx,85,Component:dashboard,StandardButton,UNLABELLED,action,not-detected,onPreview,Component:dashboard,standard,no
PPIQ-T009,src/components/dashboard/widget-builder/WidgetScriptBuilderPanel.tsx,88,Component:dashboard,StandardButton,"validated ? ""Publish the validated widget"" : ""Validate before publishing""",action,not-detected,onPublishClick,Component:dashboard,standard,no
PPIQ-T009,src/components/dashboard/widget-builder/WidgetScriptStep.tsx,91,Component:dashboard,StandardButton,void runPreview()} >,primary,className,() => void runPreview(),Component:dashboard,standard,no
PPIQ-T009,src/components/dashboard/widget-builder/WidgetScriptStep.tsx,103,Component:dashboard,StandardButton,template.description,action,className,"() => {
              setExpression(template.expression);
              setPreview(null);
              setError(null);",Component:dashboard,standard,no
PPIQ-T009,src/components/DashboardFilterBar.tsx,132,Component:DashboardFilterBar.tsx,StandardButton,Clear all filters,action,className,clearAllFilters,Component:DashboardFilterBar.tsx,standard,no
PPIQ-T009,src/components/demo/DemoModeControl.tsx,41,Component:demo,native <a>,Run flow,primary,className,/demo-lifecycle,Component:demo,anchor,no
PPIQ-T009,src/components/demo/DemoModeControl.tsx,17,Component:demo,StandardButton,Toggle frontend demo mode,action,className,() => setDemoModeEnabled(!demoModeEnabled),Component:demo,standard,no
PPIQ-T009,src/components/demo/DemoReadinessPanel.tsx,28,Component:demo,StandardButton,Run readiness check,primary,not-detected,runCheck,Component:demo,standard,no
PPIQ-T009,src/components/exec/ValueRangePanel.tsx,58,Component:exec,StandardButton,"setOpenTerm(open ? null : term.key)} style= } > ` : """"}",action,inline-style,() => setOpenTerm(open ? null : term.key),Component:exec,standard,no
PPIQ-T009,src/components/inspection/OperationProgressPanel.tsx,139,Component:inspection,StandardButton,UNLABELLED,display-or-dead-review,not-detected,null,Component:inspection,standard,no
PPIQ-T009,src/components/inspection/SaveInspectionJobModal.tsx,71,Component:inspection,StandardButton,Cancel,secondary,not-detected,onClose,Component:inspection,standard,no
PPIQ-T009,src/components/inspection/SaveInspectionJobModal.tsx,72,Component:inspection,StandardButton,UNLABELLED,display-or-dead-review,not-detected,null,Component:inspection,standard,no
PPIQ-T009,src/components/license/LicenseUsagePanel.tsx,32,Component:license,StandardButton,void refresh()}> Retry,refresh,not-detected,() => void refresh(),Component:license,standard,no
PPIQ-T009,src/components/materials/GenealogyThreadPanel.tsx,117,Component:materials,StandardButton,load(pending)} isDisabled= >,action,not-detected,() => load(pending),Component:materials,standard,no
PPIQ-T009,src/components/materials/GenealogyThreadPanel.tsx,120,Component:materials,StandardButton,"unitId ? ""Calculate rule-based risk for the resolved material"" : ""Resolve a material that exposes a unit id first""",action,not-detected,calculateRisk,Component:materials,standard,no
PPIQ-T009,src/components/materials/GenealogyThreadPanel.tsx,124,Component:materials,StandardButton,"unitId ? ""Open the genealogy investigation report (PDF)"" : ""Resolve a material that exposes a unit id first""",action,not-detected,openPdf,Component:materials,standard,no
PPIQ-T009,src/components/materials/GenealogyThreadPanel.tsx,148,Component:materials,StandardButton,load(materialKey)}>Retry,refresh,not-detected,() => load(materialKey),Component:materials,standard,no
PPIQ-T009,src/components/ops/JobsMonitorTable.tsx,55,Component:ops,StandardButton,rerun(row.id)} >,primary,not-detected,() => rerun(row.id),Component:ops,standard,no
PPIQ-T009,src/components/standard/DataFetchBoundary.tsx,77,Component:standard,StandardButton,UNLABELLED,display-or-dead-review,not-detected,null,Component:standard,excluded,no
PPIQ-T009,src/components/standard/ErrorBoundary.tsx,132,Component:standard,native <button>,Try again,refresh,className,this.reset,Component:standard,excluded,no
PPIQ-T009,src/components/standard/StandardButton.tsx,170,Component:standard,native <button>,ariaLabel,action,className,"onClick as ButtonHTMLAttributes<HTMLButtonElement>[""onClick""]",Component:standard,excluded,no
PPIQ-T009,src/components/standard/StandardButton.tsx,136,Component:standard,native <a>,ariaLabel,action,className,"(event) => {
          if (disabledState) {
            event.preventDefault();
            return;",Component:standard,excluded,no
PPIQ-T009,src/components/standard/StandardDataTable.tsx,180,Component:standard,native <button>,"column.ariaLabel ??
                      ""Sort by "" + String(column.title)",action,className,() => handleSort(column),Component:standard,excluded,no
PPIQ-T009,src/components/standard/StandardFields.tsx,301,Component:standard,native <button>,setOpen((current) => !current)} onKeyDown= }} style= } > ))} ) : ( selectedLabels[0] ) ) : ( )},action,inline-style,() => setOpen((current) => !current),Component:standard,excluded,no
PPIQ-T009,src/components/standard/StandardFields.tsx,122,Component:standard,StandardButton,Clear search,action,not-detected,"() => {
                const synthetic = { target: { value: """"",Component:standard,excluded,no
PPIQ-T009,src/components/standard/StandardP2Controls.tsx,26,Component:standard,native <button>,UNLABELLED,display-or-dead-review,className,null,Component:standard,excluded,no
PPIQ-T009,src/components/standard/StandardPageCompat.tsx,23,Component:standard,native <button>,UNLABELLED,display-or-dead-review,className,null,Component:standard,excluded,no
PPIQ-T009,src/components/standard/StandardSurface.tsx,179,Component:standard,StandardButton,Close modal,secondary,not-detected,onClose,Component:standard,excluded,no
PPIQ-T009,src/components/standard/StandardSurface.tsx,261,Component:standard,StandardButton,Dismiss notification,action,not-detected,() => dismiss(message.id),Component:standard,excluded,no
PPIQ-T009,src/components/standard/StandardTable.implementation.tsx,364,Component:standard,native <button>,"toggleSort(column, event.shiftKey)} >",action,className,"(event) => toggleSort(column, event.shiftKey)",Component:standard,excluded,no
PPIQ-T009,src/components/standard/StandardTable.implementation.tsx,224,Component:standard,StandardButton,UNLABELLED,display-or-dead-review,not-detected,null,Component:standard,excluded,no
PPIQ-T009,src/components/standard/StandardTable.implementation.tsx,322,Component:standard,StandardButton,UNLABELLED,display-or-dead-review,not-detected,null,Component:standard,excluded,no
PPIQ-T009,src/components/standard/StandardTable.implementation.tsx,440,Component:standard,StandardButton,); }} > Previous,action,not-detected,"() => {
                const next = Math.max(0, pageIndex - 1);
                setPageIndex(next);
                emitQuery({ pageIndex: next",Component:standard,excluded,no
PPIQ-T009,src/components/standard/StandardTable.implementation.tsx,464,Component:standard,StandardButton,= pageCount - 1} data-disabled-reason= onClick= ); }} > Next,action,not-detected,"() => {
                const next = Math.min(pageCount - 1, pageIndex + 1);
                setPageIndex(next);
                emitQuery({ pageIndex: next",Component:standard,excluded,no
PPIQ-T009,src/components/standard/StandardTabs.tsx,221,Component:standard,native <button>,item.ariaLabel,action,className,() => activate(item.id),Component:standard,excluded,no
PPIQ-T009,src/components/standard/StandardTabs.tsx,192,Component:standard,native <a>,item.ariaLabel,navigation,className,"(event) => {
            if (item.disabled) {
              event.preventDefault();
              return;",Component:standard,excluded,no
PPIQ-T009,src/components/StateRenderer.tsx,85,Component:StateRenderer.tsx,StandardButton,Retry,refresh,className,onRetry,Component:StateRenderer.tsx,standard,no
PPIQ-T009,src/components/StateRenderer.tsx,112,Component:StateRenderer.tsx,StandardButton,Refresh,refresh,className,onRetry,Component:StateRenderer.tsx,standard,no
PPIQ-T009,src/components/suggestions/SuggestionCardsPanel.tsx,71,Component:suggestions,StandardButton,setDrawer(c)}>Evidence,action,not-detected,() => setDrawer(c),Component:suggestions,standard,no
PPIQ-T009,src/components/suggestions/SuggestionCardsPanel.tsx,72,Component:suggestions,StandardButton,"onAct?.(c.id, ""assign"")}>Acknowledge",action,not-detected,"() => onAct?.(c.id, ""assign"")",Component:suggestions,standard,no
PPIQ-T009,src/components/suggestions/SuggestionCardsPanel.tsx,73,Component:suggestions,StandardButton,"!isManager ? ""Requires engineer/admin"" : undefined",action,not-detected,"() => isManager && onAct?.(c.id, ""accept"")",Component:suggestions,standard,no
PPIQ-T009,src/components/suggestions/SuggestionCardsPanel.tsx,82,Component:suggestions,StandardButton,"isManager && onAct?.(c.id, ""reject"")}>Reject",action,not-detected,"() => isManager && onAct?.(c.id, ""reject"")",Component:suggestions,standard,no
PPIQ-T009,src/components/suggestions/SuggestionCardsPanel.tsx,92,Component:suggestions,StandardButton,setDrawer(null)}>Close,secondary,not-detected,() => setDrawer(null),Component:suggestions,standard,no
PPIQ-T009,src/components/suggestions/SuggestionCardsPanel.tsx,99,Component:suggestions,StandardButton,onOpenEvidence?.(h)}> Open ( ),action,not-detected,() => onOpenEvidence?.(h),Component:suggestions,standard,no
PPIQ-T009,src/components/value/ValueImpactCard.tsx,69,Component:value,StandardButton,setOpen(open === t.name ? null : t.name)} > &ndash;,action,not-detected,() => setOpen(open === t.name ? null : t.name),Component:value,standard,no
PPIQ-T009,src/components/value/ValueImpactCard.tsx,86,Component:value,StandardButton,onOpenEvidence?.(t.handle as ProvenanceHandleRef)} > source finding ( ),action,not-detected,() => onOpenEvidence?.(t.handle as ProvenanceHandleRef),Component:value,standard,no
PPIQ-T009,src/hooks/useOptimisticSave.ts,22,Unknown,native <button>,* *,primary,not-detected,save,Unknown,excluded,no
PPIQ-T009,src/pages/Acquisition/EdgeCollectorManagementPage.tsx,89,Acquisition,StandardButton,Rotate credential,display-or-dead-review,not-detected,null,Acquisition,standard,no
PPIQ-T009,src/pages/Analytics/InspectionJobsPage.tsx,61,Analytics,StandardButton,void save(true)}>Run now,primary,not-detected,() => void save(true),Analytics,standard,no
PPIQ-T009,src/pages/Analytics/InspectionJobsPage.tsx,62,Analytics,StandardButton,void save(false)}>Save &amp; schedule,primary,not-detected,() => void save(false),Analytics,standard,no
PPIQ-T009,src/pages/Analytics/InspectionJobsPage.tsx,77,Analytics,StandardButton,void inspectionWorkflowApi.runJobNow(j.id).then(() => setReloadKey((k) => k + 1))}>Run,primary,not-detected,() => void inspectionWorkflowApi.runJobNow(j.id).then(() => setReloadKey((k) => k + 1)),Analytics,standard,no
PPIQ-T009,src/pages/Analytics/InspectionJobsPage.tsx,78,Analytics,StandardButton,void (j.isEnabled ? inspectionWorkflowApi.disableJob(j.id) : inspectionWorkflowApi.enableJob(j.id)).then(() => setReload,action,not-detected,() => void (j.isEnabled ? inspectionWorkflowApi.disableJob(j.id) : inspectionWorkflowApi.enableJob(j.id)).then(() => setReloadKey((k) => k + 1)),Analytics,standard,no
PPIQ-T009,src/pages/Analytics/InspectionJobsPage.tsx,79,Analytics,StandardButton,navigate(`/investigate/advanced?outcomeKey=$ _rate`)}`)}>Open analysis,action,not-detected,"() => navigate(`/investigate/advanced?outcomeKey=${encodeURIComponent(`defect.${j.defectType ?? ""edge_crack""",Analytics,standard,no
PPIQ-T009,src/pages/Assistant/GroundedAssistantPage.tsx,79,Assistant,StandardButton,UNLABELLED,action,not-detected,ask,Assistant,standard,no
PPIQ-T009,src/pages/Dashboard/P3T15WidgetSchemaDriftPage.tsx,69,Dashboard,StandardButton,setCreated(true)}> Create heatmap widget from builder contract,action,not-detected,() => setCreated(true),Dashboard,standard,no
PPIQ-T009,src/pages/Dashboard/P3T15WidgetSchemaDriftPage.tsx,72,Dashboard,StandardButton,setCreated(false)}> Reset widget preview,action,not-detected,() => setCreated(false),Dashboard,standard,no
PPIQ-T009,src/pages/Dashboard/P3T15WidgetSchemaDriftPage.tsx,169,Dashboard,StandardButton,"cell.label + "" = "" + cell.value.toFixed(2)",display-or-dead-review,className,null,Dashboard,standard,no
PPIQ-T009,src/pages/EdgeCollector/EdgeCollectorPage.tsx,218,EdgeCollector,StandardButton,Register collector,action,not-detected,registerCollector,EdgeCollector,standard,no
PPIQ-T009,src/pages/EdgeCollector/EdgeCollectorPage.tsx,219,EdgeCollector,StandardButton,Send heartbeat,action,not-detected,sendHeartbeat,EdgeCollector,standard,no
PPIQ-T009,src/pages/EdgeCollector/EdgeCollectorPage.tsx,220,EdgeCollector,StandardButton,Update queue status,action,not-detected,sendQueueStatus,EdgeCollector,standard,no
PPIQ-T009,src/pages/EdgeCollector/EdgeCollectorPage.tsx,221,EdgeCollector,StandardButton,Push sample batch,action,not-detected,pushSampleBatch,EdgeCollector,standard,no
PPIQ-T009,src/pages/EdgeCollector/EdgeCollectorPage.tsx,222,EdgeCollector,StandardButton,void refresh()}>Refresh status,refresh,not-detected,() => void refresh(),EdgeCollector,standard,no
PPIQ-T009,src/pages/HistorianConnector/HistorianConnectorPage.tsx,218,HistorianConnector,StandardButton,Test connection,action,not-detected,testConnection,HistorianConnector,standard,no
PPIQ-T009,src/pages/HistorianConnector/HistorianConnectorPage.tsx,219,HistorianConnector,StandardButton,Browse tags,action,not-detected,browseTags,HistorianConnector,standard,no
PPIQ-T009,src/pages/HistorianConnector/HistorianConnectorPage.tsx,220,HistorianConnector,StandardButton,Read sample window,action,not-detected,readWindow,HistorianConnector,standard,no
PPIQ-T009,src/pages/HistorianConnector/HistorianConnectorPage.tsx,221,HistorianConnector,StandardButton,Create mapping hints,action,not-detected,createMappingHints,HistorianConnector,standard,no
PPIQ-T009,src/pages/I18nRtlReadinessPage.tsx,27,I18nRtlReadinessPage,StandardButton,"setLocale(""en"")}>",action,not-detected,"() => setLocale(""en"")",I18nRtlReadinessPage,standard,no
PPIQ-T009,src/pages/I18nRtlReadinessPage.tsx,28,I18nRtlReadinessPage,StandardButton,"setLocale(""ar"")}>",action,not-detected,"() => setLocale(""ar"")",I18nRtlReadinessPage,standard,no
PPIQ-T009,src/pages/MaterialAnalytics/MaterialAnalyticsPages.tsx,303,MaterialAnalytics,StandardButton,onDrilldown?.(row)}>,action,not-detected,() => onDrilldown?.(row),MaterialAnalytics,standard,no
PPIQ-T009,src/pages/MaterialAnalytics/MaterialAnalyticsPages.tsx,370,MaterialAnalytics,StandardButton,UNLABELLED,display-or-dead-review,not-detected,null,MaterialAnalytics,standard,no
PPIQ-T009,src/pages/MaterialAnalytics/MaterialAnalyticsPages.tsx,488,MaterialAnalytics,StandardButton,UNLABELLED,display-or-dead-review,not-detected,null,MaterialAnalytics,standard,no
PPIQ-T009,src/pages/MaterialAnalytics/MaterialAnalyticsPages.tsx,489,MaterialAnalytics,StandardButton,UNLABELLED,display-or-dead-review,not-detected,null,MaterialAnalytics,standard,no
PPIQ-T009,src/pages/MaterialAnalytics/MaterialAnalyticsPages.tsx,490,MaterialAnalytics,StandardButton,UNLABELLED,display-or-dead-review,not-detected,null,MaterialAnalytics,standard,no
PPIQ-T009,src/pages/MaterialAnalytics/MaterialAnalyticsPages.tsx,491,MaterialAnalytics,StandardButton,UNLABELLED,export,not-detected,"selectedMaterialId ? productApi.getInvestigationPdfUrl(selectedMaterialId) : ""#""",MaterialAnalytics,standard,no
PPIQ-T009,src/pages/MaterialAnalytics/MaterialAnalyticsPages.tsx,521,MaterialAnalytics,StandardButton,UNLABELLED,display-or-dead-review,not-detected,null,MaterialAnalytics,standard,no
PPIQ-T009,src/pages/MaterialAnalytics/MaterialAnalyticsPages.tsx,543,MaterialAnalytics,StandardButton,setSaveOpen(false)}>Cancel,primary,not-detected,() => setSaveOpen(false),MaterialAnalytics,standard,no
PPIQ-T009,src/pages/MaterialAnalytics/MaterialAnalyticsPages.tsx,544,MaterialAnalytics,StandardButton,UNLABELLED,display-or-dead-review,not-detected,null,MaterialAnalytics,standard,no
PPIQ-T009,src/pages/MaterialAnalytics/MaterialAnalyticsPages.tsx,576,MaterialAnalytics,StandardButton,setRiskClass(item)}>,action,not-detected,() => setRiskClass(item),MaterialAnalytics,standard,no
PPIQ-T009,src/pages/MaterialAnalytics/MaterialAnalyticsPages.tsx,580,MaterialAnalytics,StandardButton,UNLABELLED,display-or-dead-review,not-detected,null,MaterialAnalytics,standard,no
PPIQ-T009,src/pages/MaterialAnalytics/MaterialAnalyticsPages.tsx,639,MaterialAnalytics,StandardButton,UNLABELLED,display-or-dead-review,not-detected,null,MaterialAnalytics,standard,no
PPIQ-T009,src/pages/MaterialAnalytics/MaterialAnalyticsPages.tsx,718,MaterialAnalytics,StandardButton,UNLABELLED,display-or-dead-review,not-detected,null,MaterialAnalytics,standard,no
PPIQ-T009,src/pages/MaterialAnalytics/MaterialAnalyticsPages.tsx,797,MaterialAnalytics,StandardButton,UNLABELLED,display-or-dead-review,not-detected,null,MaterialAnalytics,standard,no
PPIQ-T009,src/pages/MaterialAnalytics/MaterialAnalyticsPages.tsx,893,MaterialAnalytics,StandardButton,UNLABELLED,display-or-dead-review,not-detected,null,MaterialAnalytics,standard,no
PPIQ-T009,src/pages/MaterialAnalytics/MaterialAnalyticsPages.tsx,894,MaterialAnalytics,StandardButton,UNLABELLED,display-or-dead-review,not-detected,null,MaterialAnalytics,standard,no
PPIQ-T009,src/pages/MaterialAnalytics/MaterialAnalyticsPages.tsx,918,MaterialAnalytics,StandardButton,setResetOpen(false)}>Cancel,secondary,not-detected,() => setResetOpen(false),MaterialAnalytics,standard,no
PPIQ-T009,src/pages/MaterialAnalytics/MaterialAnalyticsPages.tsx,919,MaterialAnalytics,StandardButton,UNLABELLED,display-or-dead-review,not-detected,null,MaterialAnalytics,standard,no
PPIQ-T009,src/pages/MaterialAnalytics/MaterialAnalyticsPages.tsx,949,MaterialAnalytics,StandardButton,UNLABELLED,display-or-dead-review,not-detected,null,MaterialAnalytics,standard,no
PPIQ-T009,src/pages/MaterialAnalytics/MaterialAnalyticsPages.tsx,957,MaterialAnalytics,StandardButton,UNLABELLED,export,not-detected,/brand/plantprocess-iq-engineer-brief.html,MaterialAnalytics,standard,no
PPIQ-T009,src/pages/MaterialAnalytics/MaterialAnalyticsPages.tsx,963,MaterialAnalytics,StandardButton,setTier(item)}>,action,not-detected,() => setTier(item),MaterialAnalytics,standard,no
PPIQ-T009,src/pages/MaterialAnalytics/MaterialAnalyticsPages.tsx,1011,MaterialAnalytics,StandardButton,UNLABELLED,display-or-dead-review,not-detected,null,MaterialAnalytics,standard,no
PPIQ-T009,src/pages/MaterialAnalytics/MaterialAnalyticsPages.tsx,1037,MaterialAnalytics,StandardButton,UNLABELLED,display-or-dead-review,not-detected,null,MaterialAnalytics,standard,no
PPIQ-T009,src/pages/MaterialAnalytics/MaterialAnalyticsPages.tsx,1038,MaterialAnalytics,StandardButton,UNLABELLED,display-or-dead-review,not-detected,null,MaterialAnalytics,standard,no
PPIQ-T009,src/pages/MaterialAnalytics/MaterialAnalyticsPages.tsx,1050,MaterialAnalytics,StandardButton,UNLABELLED,display-or-dead-review,not-detected,null,MaterialAnalytics,standard,no
PPIQ-T009,src/pages/MaterialAnalytics/MaterialAnalyticsPages.tsx,1061,MaterialAnalytics,StandardButton,UNLABELLED,display-or-dead-review,not-detected,null,MaterialAnalytics,standard,no
PPIQ-T009,src/pages/MaterialAnalytics/MaterialAnalyticsPages.tsx,1083,MaterialAnalytics,StandardButton,UNLABELLED,navigation,not-detected,/brand/plantprocess-iq-engineer-brief.html,MaterialAnalytics,standard,no
PPIQ-T009,src/pages/MaterialInvestigation/MaterialInvestigationPage.tsx,264,MaterialInvestigation,StandardButton,UNLABELLED,refresh,className,refreshAll,MaterialInvestigation,standard,no
PPIQ-T009,src/pages/MaterialInvestigation/MaterialInvestigationPage.tsx,281,MaterialInvestigation,StandardButton,"setActiveTab(tab.key)} variant=""secondary"">",action,className,() => setActiveTab(tab.key),MaterialInvestigation,standard,no
PPIQ-T009,src/pages/MaterialInvestigation/MaterialInvestigationPage.tsx,322,MaterialInvestigation,StandardButton,Validate,refresh,className,loadBusinessKeys,MaterialInvestigation,standard,no
PPIQ-T009,src/pages/MaterialInvestigation/MaterialInvestigationPage.tsx,338,MaterialInvestigation,StandardButton,Run proof,primary,className,runMappingLifecycle,MaterialInvestigation,standard,no
PPIQ-T009,src/pages/MaterialInvestigation/MaterialInvestigationPage.tsx,362,MaterialInvestigation,StandardButton,Resolve SQL,display-or-dead-review,className,null,MaterialInvestigation,standard,no
PPIQ-T009,src/pages/MaterialInvestigation/MaterialInvestigationPage.tsx,379,MaterialInvestigation,StandardButton,Validate graph,action,className,loadGenealogy,MaterialInvestigation,standard,no
PPIQ-T009,src/pages/MaterialInvestigation/MaterialInvestigationPage.tsx,395,MaterialInvestigation,StandardButton,Run lifecycle,primary,className,runMappingLifecycle,MaterialInvestigation,standard,no
PPIQ-T009,src/pages/MaterialInvestigation/MaterialInvestigationPage.tsx,419,MaterialInvestigation,StandardButton,Investigate,display-or-dead-review,className,null,MaterialInvestigation,standard,no
PPIQ-T009,src/pages/PageBuilder/PageBuilderPage.implementation.tsx,191,PageBuilder,StandardButton,Save page definition,primary,not-detected,savePageDefinition,PageBuilder,standard,no
PPIQ-T009,src/pages/PageBuilder/PageBuilderPage.implementation.tsx,195,PageBuilder,StandardButton,Load by slug,action,not-detected,loadPageDefinition,PageBuilder,standard,no
PPIQ-T009,src/pages/PageBuilder/PageBuilderPage.implementation.tsx,199,PageBuilder,StandardButton,Delete owned page,destructive,not-detected,deletePageDefinition,PageBuilder,standard,no
PPIQ-T009,src/pages/PageBuilder/PageBuilderPage.implementation.tsx,260,PageBuilder,StandardButton,dispatch( ) } > Add,action,not-detected,"() =>
                  dispatch({
                    type: ""addWidget"",
                    kind: item.kind,
                    title: item.title,
                    source: item.source,
                    idSeed: Date.now(),",PageBuilder,standard,no
PPIQ-T009,src/pages/PageBuilder/PageBuilderPage.implementation.tsx,304,PageBuilder,StandardButton,dispatch( ) } > Move right,action,not-detected,"() =>
                    dispatch({
                      type: ""moveWidget"",
                      id: widget.id,
                      x: widget.x + 1,
                      y: widget.y,",PageBuilder,standard,no
PPIQ-T009,src/pages/PageBuilder/PageBuilderPage.implementation.tsx,318,PageBuilder,StandardButton,dispatch( ) } > Resize wider,action,not-detected,"() =>
                    dispatch({
                      type: ""resizeWidget"",
                      id: widget.id,
                      w: widget.w + 1,
                      h: widget.h,",PageBuilder,standard,no
PPIQ-T009,src/pages/PageBuilder/PageBuilderPage.implementation.tsx,332,PageBuilder,StandardButton,dispatch( ) } > Remove,destructive,not-detected,"() =>
                    dispatch({
                      type: ""removeWidget"",
                      id: widget.id,",PageBuilder,standard,no
PPIQ-T009,src/pages/Phase10/Phase10LicenseDemoPage.tsx,34,Phase10,StandardButton,setTier(item)} >,action,not-detected,() => setTier(item),Phase10,standard,no
PPIQ-T009,src/pages/Phase15/BenchmarkingPage.tsx,113,Phase15,StandardButton,void refresh()}>Refresh benchmark,refresh,not-detected,() => void refresh(),Phase15,standard,no
PPIQ-T009,src/pages/Phase15/BenchmarkingPage.tsx,114,Phase15,StandardButton,void loadSuppressedDemo()}>Demo suppressed benchmark,action,not-detected,() => void loadSuppressedDemo(),Phase15,standard,no
PPIQ-T009,src/pages/Phase15/HonestyCertificationPage.tsx,84,Phase15,StandardButton,void runCertification()}>Run honesty certification,primary,not-detected,() => void runCertification(),Phase15,standard,no
PPIQ-T009,src/pages/Phase15/RecommendationsPage.tsx,150,Phase15,StandardButton,Generate recommendation,action,not-detected,generate,Phase15,standard,no
PPIQ-T009,src/pages/Phase15/RecommendationsPage.tsx,151,Phase15,StandardButton,void refresh()}>Reload demo request,refresh,not-detected,() => void refresh(),Phase15,standard,no
PPIQ-T009,src/pages/Phase15/RecommendationsPage.tsx,186,Phase15,StandardButton,"void decide(recommendation, 1)}>Approve for review",action,not-detected,"() => void decide(recommendation, 1)",Phase15,standard,no
PPIQ-T009,src/pages/Phase15/RecommendationsPage.tsx,187,Phase15,StandardButton,"void decide(recommendation, 2)}>Dismiss",action,not-detected,"() => void decide(recommendation, 2)",Phase15,standard,no
PPIQ-T009,src/pages/Phase15/RoiCfoDashboardPage.tsx,120,Phase15,StandardButton,void exportEvidencePack()}>Export CFO evidence pack,export,not-detected,() => void exportEvidencePack(),Phase15,standard,no
PPIQ-T009,src/pages/Phase15/ScenarioSimulationPage.tsx,170,Phase15,StandardButton,Run what-if simulation,primary,not-detected,simulate,Phase15,standard,no
PPIQ-T009,src/pages/Phase15/ScenarioSimulationPage.tsx,171,Phase15,StandardButton,Demo out-of-envelope abstain,action,not-detected,makeOutOfEnvelope,Phase15,standard,no
PPIQ-T009,src/pages/Phase15/ScenarioSimulationPage.tsx,172,Phase15,StandardButton,void refresh()}>Reload sample,refresh,not-detected,() => void refresh(),Phase15,standard,no
PPIQ-T009,src/pages/Phase15/ValueRealizationPage.tsx,111,Phase15,StandardButton,Calculate realized value,action,not-detected,calculate,Phase15,standard,no
PPIQ-T009,src/pages/Phase15/ValueRealizationPage.tsx,112,Phase15,StandardButton,void refresh()}>Reload demo request,refresh,not-detected,() => void refresh(),Phase15,standard,no
PPIQ-T009,src/pages/Phase7ValueScenario/Phase7ValueScenarioPage.tsx,136,Phase7ValueScenario,StandardButton,UNLABELLED,primary,className,runScenario,Phase7ValueScenario,standard,no
PPIQ-T009,src/pages/Phase7ValueScenario/Phase7ValueScenarioPage.tsx,139,Phase7ValueScenario,StandardButton,Record tracked value,primary,className,recordTrackedValue,Phase7ValueScenario,standard,no
PPIQ-T009,src/pages/Phase8/AssistantConfigurationPage.tsx,175,Phase8,StandardButton,void save()}>Save configuration,primary,className,() => void save(),Phase8,standard,no
PPIQ-T009,src/pages/Phase8/AssistantConfigurationPage.tsx,176,Phase8,StandardButton,void reset()}>Reset safe defaults,action,className,() => void reset(),Phase8,standard,no
PPIQ-T009,src/pages/Phase8/AssistantRuntimePage.tsx,86,Phase8,StandardButton,void ask()}>,action,className,() => void ask(),Phase8,standard,no
PPIQ-T009,src/pages/Phase8/SuggestionRecommendationPage.tsx,124,Phase8,StandardButton,void generate()}>,action,className,() => void generate(),Phase8,standard,no
PPIQ-T009,src/pages/Phase8/SuggestionRecommendationPage.tsx,165,Phase8,StandardButton,"void decide(item, ""approve"")}>Approve for review",action,className,"() => void decide(item, ""approve"")",Phase8,standard,no
PPIQ-T009,src/pages/Phase8/SuggestionRecommendationPage.tsx,166,Phase8,StandardButton,"void decide(item, ""dismiss"")}>Dismiss",action,className,"() => void decide(item, ""dismiss"")",Phase8,standard,no
PPIQ-T009,src/pages/PlatformOps/DemoAnalyticsPages.implementation.tsx,147,PlatformOps,StandardButton,UNLABELLED,display-or-dead-review,not-detected,null,PlatformOps,standard,no
PPIQ-T009,src/pages/PlatformOps/DemoAnalyticsPages.implementation.tsx,238,PlatformOps,StandardButton,UNLABELLED,display-or-dead-review,not-detected,null,PlatformOps,standard,no
PPIQ-T009,src/pages/PlatformOps/DemoAnalyticsPages.implementation.tsx,241,PlatformOps,StandardButton,UNLABELLED,display-or-dead-review,not-detected,null,PlatformOps,standard,no
PPIQ-T009,src/pages/PlatformOps/DemoAnalyticsPages.implementation.tsx,272,PlatformOps,StandardButton,setConfirmOpen(false)}>Cancel,primary,not-detected,() => setConfirmOpen(false),PlatformOps,standard,no
PPIQ-T009,src/pages/PlatformOps/DemoAnalyticsPages.implementation.tsx,273,PlatformOps,StandardButton,Confirm Reset,destructive,not-detected,startReset,PlatformOps,standard,no
PPIQ-T009,src/pages/PlatformOps/DemoAnalyticsPages.implementation.tsx,314,PlatformOps,StandardButton,UNLABELLED,display-or-dead-review,not-detected,null,PlatformOps,standard,no
PPIQ-T009,src/pages/PlatformOps/DemoAnalyticsPages.implementation.tsx,329,PlatformOps,StandardButton,UNLABELLED,display-or-dead-review,not-detected,null,PlatformOps,standard,no
PPIQ-T009,src/pages/PlatformOps/DemoAnalyticsPages.implementation.tsx,360,PlatformOps,StandardButton,UNLABELLED,display-or-dead-review,not-detected,null,PlatformOps,standard,no
PPIQ-T009,src/pages/PlatformOps/DemoAnalyticsPages.implementation.tsx,412,PlatformOps,StandardButton,UNLABELLED,display-or-dead-review,not-detected,null,PlatformOps,standard,no
PPIQ-T009,src/pages/PlatformOps/DemoAnalyticsPages.implementation.tsx,452,PlatformOps,StandardButton,UNLABELLED,display-or-dead-review,not-detected,null,PlatformOps,standard,no
PPIQ-T009,src/pages/V5ConnectorsIdentityPage.tsx,128,V5ConnectorsIdentityPage,StandardButton,Register mock historian + backfill,secondary,not-detected,registerMockConnector,V5ConnectorsIdentityPage,standard,no
PPIQ-T009,src/pages/V5ConnectorsIdentityPage.tsx,135,V5ConnectorsIdentityPage,StandardButton,Enroll TOTP MFA,action,not-detected,enrollMfa,V5ConnectorsIdentityPage,standard,no
PPIQ-T009,src/pages/V5NoCodeMapperPage.tsx,120,V5NoCodeMapperPage,StandardButton,Run read-only demo discovery,primary,not-detected,runDemoDiscovery,V5NoCodeMapperPage,standard,no
PPIQ-T009,src/pages/V5OutboundI18nMobilePage.tsx,177,V5OutboundI18nMobilePage,StandardButton,UNLABELLED,action,not-detected,captureDemoLead,V5OutboundI18nMobilePage,standard,no
PPIQ-T009,src/pages/V5OutboundI18nMobilePage.tsx,181,V5OutboundI18nMobilePage,StandardButton,UNLABELLED,action,not-detected,sendHighSeverityNotification,V5OutboundI18nMobilePage,standard,no
PPIQ-T009,src/pages/V5SsoLicensingPage.tsx,138,V5SsoLicensingPage,StandardButton,Run mock SSO login,primary,not-detected,runMockSsoLogin,V5SsoLicensingPage,standard,no
PPIQ-T009,src/pages/V5SsoLicensingPage.tsx,145,V5SsoLicensingPage,StandardButton,Create + activate signed license,action,not-detected,createAndActivateLicense,V5SsoLicensingPage,standard,no
PPIQ-T009,src/pages/ValueEvidence/CostAssumptionManagementPage.tsx,211,ValueEvidence,StandardButton,0} onClick= >,primary,not-detected,save.save,ValueEvidence,standard,no
PPIQ-T009,src/pages/ValueExecutive/ValueExecutiveDashboardPage.tsx,88,ValueExecutive,StandardButton,UNLABELLED,primary,className,runDashboard,ValueExecutive,standard,no
PPIQ-T009,src/pages/ValueExecutive/ValueExecutiveDashboardPage.tsx,91,ValueExecutive,StandardButton,Prove ABSTAIN on missing assumptions,primary,className,runAbstain,ValueExecutive,standard,no
PPIQ-T009,src/pages/ValueExecutive/ValueExecutiveDashboardPage.tsx,94,ValueExecutive,StandardButton,Open monthly value report PDF,action,className,printReport,ValueExecutive,standard,no
PPIQ-T009,src/test/architecture/noRawStandardElements.test.ts,1,Unknown,native <button>,UNLABELLED,display-or-dead-review,not-detected,null,Unknown,excluded,no
PPIQ-T009,src/test/architecture/noRawStandardElements.test.ts,52,Unknown,native <button>,UNLABELLED,display-or-dead-review,not-detected,null,Unknown,excluded,no
PPIQ-T009,src/test/architecture/noRawStandardElements.test.ts,53,Unknown,native <button>,UNLABELLED,display-or-dead-review,not-detected,null,Unknown,excluded,no
PPIQ-T009,src/test/architecture/noRawStandardElements.test.ts,59,Unknown,native <button>,UNLABELLED,display-or-dead-review,not-detected,null,Unknown,excluded,no
PPIQ-T009,src/ui/standard-components.implementation.tsx,57,Unknown,native <button>,: null} : null},display-or-dead-review,className,null,Unknown,excluded,no
PPIQ-T009,src/ui/standard-components.implementation.tsx,275,Unknown,native <button>,onChange(item.id)} > : null},action,className,() => onChange(item.id),Unknown,excluded,no
PPIQ-T009,src/ui/standard-components.implementation.tsx,458,Unknown,StandardButton,Close modal,secondary,not-detected,onClose,Unknown,excluded,no
PPIQ-T009,src/ui/standard-components.implementation.tsx,512,Unknown,StandardButton,Dismiss notification,action,not-detected,() => dismiss(message.id),Unknown,excluded,no
