"Path","Action","BackupPath"
"Backend\.env.example","Cleaned env/example placeholders and removed connection-string password pattern.","C:\Workspace\PlantProcess-IQ_Archive\Pack2C_ConfigPlaceholders_20260604_130654\Backend\.env.example"
"Backend\PlantProcess.Api\appsettings.Development.json","Cleaned tracked JSON config secrets/placeholders.","C:\Workspace\PlantProcess-IQ_Archive\Pack2C_ConfigPlaceholders_20260604_130654\Backend\PlantProcess.Api\appsettings.Development.json"
"Backend\PlantProcess.Api\appsettings.json","Cleaned tracked JSON config secrets/placeholders.","C:\Workspace\PlantProcess-IQ_Archive\Pack2C_ConfigPlaceholders_20260604_130654\Backend\PlantProcess.Api\appsettings.json"
"Backend\PlantProcess.Api\Properties\launchSettings.json","Cleaned tracked JSON config secrets/placeholders.","C:\Workspace\PlantProcess-IQ_Archive\Pack2C_ConfigPlaceholders_20260604_130654\Backend\PlantProcess.Api\Properties\launchSettings.json"
"env\profiles\customer-template.env.example","Cleaned env/example placeholders and removed connection-string password pattern.","C:\Workspace\PlantProcess-IQ_Archive\Pack2C_ConfigPlaceholders_20260604_130654\env\profiles\customer-template.env.example"
"env\profiles\local.env.example","Cleaned env/example placeholders and removed connection-string password pattern.","C:\Workspace\PlantProcess-IQ_Archive\Pack2C_ConfigPlaceholders_20260604_130654\env\profiles\local.env.example"
"env\profiles\server.env.example","Cleaned env/example placeholders and removed connection-string password pattern.","C:\Workspace\PlantProcess-IQ_Archive\Pack2C_ConfigPlaceholders_20260604_130654\env\profiles\server.env.example"
"env\profiles\server-docker.env.example","Cleaned env/example placeholders and removed connection-string password pattern.","C:\Workspace\PlantProcess-IQ_Archive\Pack2C_ConfigPlaceholders_20260604_130654\env\profiles\server-docker.env.example"
"env\profiles\test.env.example","Cleaned env/example placeholders and removed connection-string password pattern.","C:\Workspace\PlantProcess-IQ_Archive\Pack2C_ConfigPlaceholders_20260604_130654\env\profiles\test.env.example"
