widget_id,widget_kind,page,widget_name,chart_type,exists_today,decision,phenomenon_or_baseline,required_fields,required_relationship,rationale
C01,BLUEPRINT CHART,P1,Production volume trend,line,PARTIAL as PO_TREND,REBIND,Weekly production rhythm; monthly throughput trend,"production_timestamp, material_unit_id",none beyond canonical unit identity,PO_TREND plots materialCount by day and is close. Rebind to production timestamp so the weekly rhythm is visible rather than flat
C02,BLUEPRINT CHART,P1,Production by shift,stacked column,NO,ADD WIDGET,Night shift higher apparent defect rate; crew rotation pattern,"shift, production_timestamp, weight_t",none beyond canonical unit identity,"No seeded widget touches shift. The attribute itself is the gap, not the chart"
C03,BLUEPRINT CHART,P1,Throughput by grade,bar,NO,ADD WIDGET,Night shift ran a harder grade family,"grade, weight_t",none beyond canonical unit identity,Grade is unbound across all 29 seeded widgets
C04,BLUEPRINT CHART,P1,Production by equipment,bar,NO,ADD WIDGET,Downtime concentrates on a clear loss leader,"equipment, material_unit_id","coil -> equipment attribution, published",Equipment attribution is the same defect that makes chart 10 return one row
C05,BLUEPRINT CHART,P1,Heat-to-coil cycle time trend,line,NO,ADD WIDGET,R14 power_on_min; post-breakout recovery,"heat_start_utc, coil_end_utc","heat -> slab -> coil, published",Needs the genealogy chain to compute an elapsed time across three grains
C06,BLUEPRINT CHART,P1,Production detail,table,PARTIAL as PO_TABLE,REBIND,Sequence length affects slab quality spread,"heat_code, slab_code, coil_code, grade, shift, weight_t","heat -> slab -> coil, published",PO_TABLE shows volume by type. Rebind to the genealogy row so one line spans heat to coil
C07,BLUEPRINT CHART,P2,Defect rate trend,line,YES as QM_TREND,KEEP,Defect rate excursion lasting two to five days,"defect_timestamp, defect_count, coil_count",none beyond canonical unit identity,"Already correct. The excursion must exist in the data, which is the phenomenon's job"
C08,BLUEPRINT CHART,P2,Defect Pareto,Pareto,PARTIAL as QM_BREAK,ENHANCE,R9a/R9b/R9c meltshop-origin family,"defect_code, defect_count",none beyond canonical unit identity,QM_BREAK is a bar of defectCount by defectType. Cumulative line and sort make it a Pareto
C09,BLUEPRINT CHART,P2,Defects by grade,stacked bar,NO,ADD WIDGET,Grade sensitivity to defect family; R8 CRACK_TRANS,"grade, defect_code, defect_count","heat -> slab -> coil -> defect, published","Grade sits on the heat and the defect sits on the coil, so this needs the published chain"
C10,BLUEPRINT CHART,P2,Defects by production unit,bar,YES as EO_EQDEF but ONE ROW,NEEDS RELATIONSHIP SLICE,Equipment effect on defect rate after grade conditioning,"equipment, defect_count","coil -> equipment attribution, published","THE DIAGNOSTIC CASE. One row is canonical equipment attribution, not a data shortage. More rows would not fix it"
C11,BLUEPRINT CHART,P2,Surface defect position map,heatmap,NO,ADD WIDGET,Coil position defect density; transverse edge clustering,"position_m, width_position_mm, defect_code","coil -> defect, published",The position fields exist in the Parsytec source and are unbound
C12,BLUEPRINT CHART,P2,Chemistry conformance,conditional table,NO,EXTEND EMULATION,Chemistry conformance rate by grade,"grade_code, element_symbol, element_min, element_max, element_actual","heat -> grade specification, published","EXACT FIELD LIST NAMED. A grade specification source table does not exist. Limits must come from customer data, never a product literal"
C13,BLUEPRINT CHART,P3,Downtime by equipment,Pareto,NO,ADD WIDGET,Downtime concentrates on a clear loss leader,"equipment, stopped_minutes",none beyond canonical unit identity,No seeded widget touches downtime at all
C14,BLUEPRINT CHART,P3,Downtime by shift,stacked column,NO,ADD WIDGET,Downtime response time differs by shift,"shift, stopped_minutes",none beyond canonical unit identity,Depends on the same shift attribute as chart 2
C15,BLUEPRINT CHART,P3,Equipment stopped against production lost,paired column,NO,ADD WIDGET,R16 HSM cobble with buffer absorption,"equipment, stopped_minutes, production_impact_minutes",none beyond canonical unit identity,"THE MOST DISTINCTIVE CHART. Blocked on the two-quantity canonical contract, which is its own task"
C16,BLUEPRINT CHART,P3,Downtime reason Pareto,Pareto,NO,ADD WIDGET,Downtime reason mix differs by equipment; R15 breakout,"downtime_reason, stopped_minutes",none beyond canonical unit identity,The reason field exists in the downtime source and is unbound
C17,BLUEPRINT CHART,P3,Cycle time after maintenance,box plot,NO,EXTEND EMULATION,First heat after maintenance regimes; four recovery shapes,"maintenance_event_utc, heats_since_maintenance, power_on_min, cycle_time_min",none beyond heat identity,EXACT FIELD LIST NAMED. The post-repair recovery regime is not planted
C18,BLUEPRINT CHART,P3,Equipment performance by campaign age,line,NO,ADD WIDGET,R5 ROLL_MARK; ageing roll campaign; tundish age,"roll_campaign_age, defect_rate","coil -> defect, published",Campaign age exists in the HSM source and is unbound
C19,BLUEPRINT CHART,P4,Parameter trend,line,YES as PA_TREND,KEEP,Mid-month practice change; sequence-start transient,"parameter_code, observation_utc, value",none beyond canonical unit identity,Already correct. The regimes must exist in the data
C20,BLUEPRINT CHART,P4,Parameter distribution,histogram,NO,ADD WIDGET,Charge mix affects tap temperature spread,"parameter_code, value",none beyond canonical unit identity,No histogram exists among the 29. The chart type is in the registry
C21,BLUEPRINT CHART,P4,Parameter by grade,box plot,NO,ADD WIDGET,R17b QA by grade family; alloy addition accuracy,"grade, parameter_code, value","heat -> slab -> coil, published","Grade sits on the heat, the observation on the coil"
C22,BLUEPRINT CHART,P4,Parameter by shift,box plot,NO,EXTEND EMULATION,"Day conservative, night wider variance; residual variance survives conditioning","shift, parameter_code, value",none beyond canonical unit identity,EXACT FIELD LIST NAMED. Means must OVERLAP and variance must differ - three separated means would read as fabricated
C23,BLUEPRINT CHART,P4,Parameter against outcome,scatter,NO,ADD WIDGET,R6 EDGE_CRACK; R11a GAUGE_DEV; R17a PKL line speed,"parameter_code, value, defect_rate","coil -> defect, published",No scatter exists among the 29
C24,BLUEPRINT CHART,P4,Outlier detail,conditional table,PARTIAL as PA_TABLE,ENHANCE,A slab with an anomalous weight; a heat far outside its grade band,"material_unit_code, parameter_code, value, band_min, band_max",none beyond canonical unit identity,PA_TABLE lists parameters. Add the band and the conditional format and it becomes the outlier view
C25,BLUEPRINT CHART,P5,Correlation matrix,heatmap,NO,ADD WIDGET,"R1 to R17 as a set, with the controls visible as cold cells","parameter_code, outcome_code, effect_size, q_value","heat -> slab -> coil -> defect, published",CORRELATION_FINDINGS_BOARD holds two widgets and NEITHER shows a correlation
C26,BLUEPRINT CHART,P5,Ranked contributors,bar,NO,ADD WIDGET,"R2 INCLUSION 4.5x as the lead; R3, R5","driver_name, effect_size, q_value","heat -> slab -> coil -> defect, published","Must rank by effect size, never by p-value"
C27,BLUEPRINT CHART,P5,Casting speed against defect,scatter,NO,ADD WIDGET,R1 CRACK_LONG; unconditioned casting speed association,"casting_speed_m_min, defect_rate","heat -> slab -> coil -> defect, published",Casting speed is unbound across all 29 widgets
C28,BLUEPRINT CHART,P5,Superheat by casting speed,heatmap,NO,ADD WIDGET,Superheat effect depends on casting speed; finishing temperature optimum by gauge,"superheat_c, casting_speed_m_min, defect_rate","heat -> slab -> coil -> defect, published","The interaction is the point - a hot corner, not a gradient"
C29,BLUEPRINT CHART,P5,Conditioned against unconditioned,paired result,NO,ADD WIDGET,Casting speed conditioned on grade; shift mean shrinks and variance survives,"effect_size_raw, effect_size_conditioned, conditioning_variable","heat -> slab -> coil -> defect, published","THE HONESTY MOMENT. Needs a real confounder, which R1 and the grade families provide"
C30,BLUEPRINT CHART,P5,Findings table,table,NO,ADD WIDGET,R1 to R17 with the controls failing,"method, n, effect_size, q_value, evidence_handle","heat -> slab -> coil -> defect, published","Must show n and q, not a bare correlation coefficient"
C31,BLUEPRINT CHART,P6,Readiness dimensions,status cards,NO,ADD WIDGET,Readiness improves as the window fills; engine state Blocked with a reason,"dimension_name, measured_value, threshold_value, state",none beyond canonical unit identity,A green tick with no number is the failure mode
C32,BLUEPRINT CHART,P6,Population by context,bar,NO,ADD WIDGET,Evidence population differs materially by cohort,"cohort_key, population_count",none beyond canonical unit identity,One total tells the customer nothing about where evidence exists
C33,BLUEPRINT CHART,P6,Risk or finding trend,line,YES as RI_TREND,KEEP,Risk score concentration by material type,"risk_score, observation_utc",none beyond canonical unit identity,"Already correct and honestly labelled as engine output, not prediction"
C34,BLUEPRINT CHART,P6,Drivers with provenance,ranked table,NO,ADD WIDGET,Ranked contributors carry resolvable provenance,"driver_name, effect_size, evidence_handle","heat -> slab -> coil -> defect, published",Every row must open its evidence
C35,BLUEPRINT CHART,P6,Comparable units,evidence table,NO,ADD WIDGET,Comparable units behind a finding are individually drillable,"material_unit_code, cohort_key, outcome_value","heat -> slab -> coil -> defect, published",Aggregates only is the failure mode
C36,BLUEPRINT CHART,P6,Engine state,status,PARTIAL as MI_SEV,REMOVE,Engine state reports Blocked with a named reason,"engine_state, blocking_dimension, measured_value, threshold_value",none beyond canonical unit identity,"MI_SEV is titled 'Predicted Severity Mix' and is a donut of defectCount by severity. NOTHING PREDICTED IT. Severity 1 under the no-fake-answer rule. RULING REQUIRED: remove, or retitle and rebuild as this chart"
PO_KPI_MAT,SEEDED WIDGET,PRODUCTION_OVERVIEW,Material Units,kpi,YES,KEEP,C01,materialCount,as the blueprint chart it maps to,A production KPI is a legitimate operational baseline
PO_KPI_OBS,SEEDED WIDGET,PRODUCTION_OVERVIEW,Process Observations,kpi,YES,KEEP,C19,observationCount,as the blueprint chart it maps to,Baseline volume indicator
PO_KPI_DEF,SEEDED WIDGET,PRODUCTION_OVERVIEW,Quality Events,kpi,YES,KEEP,C07,defectCount,as the blueprint chart it maps to,Baseline
PO_KPI_RATE,SEEDED WIDGET,PRODUCTION_OVERVIEW,Defect Rate,kpi,YES,KEEP,C07,defectRate,as the blueprint chart it maps to,Baseline
PO_TREND,SEEDED WIDGET,PRODUCTION_OVERVIEW,Production Volume Trend,line,YES,REBIND,C01,"production_timestamp, material_unit_id",as the blueprint chart it maps to,Rebind from generic day bucketing to the production timestamp
PO_MIX,SEEDED WIDGET,PRODUCTION_OVERVIEW,Material Mix,donut,YES,REBIND,C03,"grade, weight_t",as the blueprint chart it maps to,Material type is product grammar; GRADE is the customer's vocabulary and is what the story needs
PO_WEEK,SEEDED WIDGET,PRODUCTION_OVERVIEW,Weekly Throughput,area,YES,KEEP,C01,materialCount,as the blueprint chart it maps to,Correct as is
PO_TABLE,SEEDED WIDGET,PRODUCTION_OVERVIEW,Volume by Type,table,YES,REBIND,C06,"heat_code, slab_code, coil_code, grade, shift, weight_t",as the blueprint chart it maps to,Rebind to the genealogy row
QM_TREND,SEEDED WIDGET,QUALITY_MONITORING,Defect Rate Trend,line,YES,KEEP,C07,defectRate,as the blueprint chart it maps to,Correct as is
QM_BREAK,SEEDED WIDGET,QUALITY_MONITORING,Defect Breakdown,bar,YES,ENHANCE,C08,"defect_code, defect_count",as the blueprint chart it maps to,Add the cumulative line and the sort to make it a true Pareto
QM_SEV,SEEDED WIDGET,QUALITY_MONITORING,Severity Distribution,donut,YES,KEEP,C08,"severity, defectCount",as the blueprint chart it maps to,A legitimate baseline view of severity mix
QM_TABLE,SEEDED WIDGET,QUALITY_MONITORING,Defects by Type,table,YES,KEEP,C08,"defect_code, defect_count",as the blueprint chart it maps to,Baseline
EO_EQDEF,SEEDED WIDGET,EQUIPMENT_OPERATIONS,Quality Events by Equipment,bar,YES,NEEDS RELATIONSHIP SLICE,C10,"equipment, defect_count",as the blueprint chart it maps to,"Returns ONE ROW. Canonical equipment attribution, not a data shortage"
EO_OBS,SEEDED WIDGET,EQUIPMENT_OPERATIONS,Observation Throughput,line,YES,REBIND,C19,"parameter_code, observation_utc",as the blueprint chart it maps to,Historically empty. Rebind to a parameter that has observations
EO_TABLE,SEEDED WIDGET,EQUIPMENT_OPERATIONS,Materials by Equipment,table,YES,NEEDS RELATIONSHIP SLICE,C04,"equipment, material_unit_id",as the blueprint chart it maps to,Same equipment attribution defect as EO_EQDEF
EO_MONTH,SEEDED WIDGET,EQUIPMENT_OPERATIONS,Monthly Volume,bar,YES,REMOVE,C01,"month, materialCount",as the blueprint chart it maps to,Duplicates PO_WEEK and PO_TREND at a coarser grain. Three time-series of the same measure on two pages
CF_RATE,SEEDED WIDGET,CORRELATION_FINDINGS_BOARD,Defect Rate Trend,line,YES,REMOVE,C07,"day, defectRate",as the blueprint chart it maps to,A duplicate of QM_TREND on a page named Correlation Findings that contains no correlation
CF_TOP,SEEDED WIDGET,CORRELATION_FINDINGS_BOARD,Defect Landscape,bar,YES,REMOVE,C08,"defectType, defectCount",as the blueprint chart it maps to,"A duplicate of QM_BREAK. The page needs charts 25 to 30, not two copies of the quality page"
PA_KAVG,SEEDED WIDGET,PARAMETER_DEEP_ANALYSIS,Average Value,kpi,YES,KEEP,C19,avgParameterValue,as the blueprint chart it maps to,Baseline
PA_KOBS,SEEDED WIDGET,PARAMETER_DEEP_ANALYSIS,Observations,kpi,YES,KEEP,C32,observationCount,as the blueprint chart it maps to,Doubles as a population indicator
PA_TREND,SEEDED WIDGET,PARAMETER_DEEP_ANALYSIS,Parameter Trend,line,YES,KEEP,C19,avgParameterValue,as the blueprint chart it maps to,Correct as is
PA_BYP,SEEDED WIDGET,PARAMETER_DEEP_ANALYSIS,Observation Volume by Parameter,bar,YES,KEEP,C32,"parameterCode, observationCount",as the blueprint chart it maps to,A legitimate population baseline
PA_TABLE,SEEDED WIDGET,PARAMETER_DEEP_ANALYSIS,Parameters Overview,table,YES,ENHANCE,C24,"parameter_code, value, band_min, band_max",as the blueprint chart it maps to,Add the band and the conditional format
RI_KPI,SEEDED WIDGET,RISK_INTELLIGENCE,Average Risk Score,kpi,YES,KEEP,C33,riskScore,as the blueprint chart it maps to,Baseline
RI_TREND,SEEDED WIDGET,RISK_INTELLIGENCE,Risk Score Trend,line,YES,KEEP,C33,riskScore,as the blueprint chart it maps to,Correct as is
RI_EQUIP,SEEDED WIDGET,RISK_INTELLIGENCE,Risk by Equipment,bar,YES,NEEDS RELATIONSHIP SLICE,C04,"equipment, riskScore",as the blueprint chart it maps to,Effectively one value in the last audit. Same attribution defect
RI_TABLE,SEEDED WIDGET,RISK_INTELLIGENCE,Risk by Material Type,table,YES,KEEP,C33,"materialUnitType, riskScore",as the blueprint chart it maps to,Baseline; material type is product grammar and is legitimate here
MI_RATE,SEEDED WIDGET,MODEL_INSIGHTS,Model-Tracked Defect Rate,line,YES,REBIND,C33,"defectRate, engine_run_id",as the blueprint chart it maps to,"Retitle away from 'Model-Tracked' unless a model tracked it, and bind to the engine run"
MI_SEV,SEEDED WIDGET,MODEL_INSIGHTS,Predicted Severity Mix,donut,YES,REMOVE,C36,"engine_state, blocking_dimension, measured_value, threshold_value",as the blueprint chart it maps to,"NOTHING PREDICTED IT. Severity 1 under the no-fake-answer rule. RULING REQUIRED: remove, or retitle and rebuild as chart 36"
